x,y,node_id
8682754.5,1957720.8,0
8869262.5,1885054.3,1
8718192.0,1964632.8,2
8725121.1,1964393.9,3
8737299.1,1962151.5,4
8738069.3,1964730.3,5
8735661.1,1959149.7,6
8737517.4,1962550.4,7
8736497.6,1964297.0,8
8737265.6,1964984.3,9
8744349.6,1965122.0,10
8759669.4,1967977.3,11
8723236.6,1959316.3,12
8728835.0,1964081.3,13
8737042.3,1970275.2,14
8739237.8,1965768.7,15
8715295.8,1967703.1,16
8715304.6,1967199.3,17
8741905.3,1963780.7,18
8742132.7,1964364.7,19
8734809.8,1981410.9,20
8733690.4,1974688.3,21
8733452.1,1973448.9,22
8736718.7,1970406.4,23
8731988.3,1975049.8,24
8733226.9,1974630.5,25
8736137.3,1968268.0,26
8737274.5,1967838.0,27
8756464.9,1968121.4,28
8749409.9,1966000.7,29
8715257.3,1952233.2,30
8710114.6,1949878.4,31
8737288.6,1971993.3,32
8736926.4,1971411.3,33
8730960.1,1972062.2,34
8730677.1,1972114.4,35
8738087.7,1976447.8,36
8736680.8,1975135.6,37
8743196.3,1967037.7,38
8743166.2,1966793.4,39
8732725.2,1971778.4,40
8734000.1,1972165.4,41
8743870.8,1971180.5,42
8744356.0,1970269.4,43
8733652.0,1963213.1,44
8730644.5,1975726.1,45
8730652.6,1975727.6,46
8730400.7,1975856.7,47
8731475.8,1975381.2,48
8730400.7,1975865.4,49
8728986.8,1979680.1,50
8729207.9,1978948.6,51
8731792.6,1975320.0,52
8731496.2,1975367.9,53
8731778.6,1975326.6,54
8744187.9,1965131.4,55
8744068.5,1965061.6,56
8734153.8,1968922.9,57
8734193.4,1968942.0,58
8734781.2,1969263.6,59
8731506.9,1967398.7,60
8738077.2,1964767.7,61
8738099.2,1965228.0,62
8740069.6,1969516.0,63
8740177.2,1969763.9,64
8731960.4,1970168.8,65
8732705.7,1970178.2,66
8730361.6,1969276.9,67
8732606.7,1968793.5,68
8732844.6,1970135.3,69
8732861.1,1970145.7,70
8732419.8,1961580.4,71
8732849.8,1962245.4,72
8734604.8,1964133.0,73
8734586.6,1963858.2,74
8736464.0,1964947.1,75
8736640.1,1964864.6,76
8738107.4,1965230.9,77
8739203.6,1965963.8,78
8734523.9,1971235.2,79
8734408.2,1971041.7,80
8734245.5,1971169.5,81
8746766.4,1988408.0,82
8746288.1,1988333.4,83
8746118.7,1988130.5,84
8745901.1,1988036.3,85
8747563.1,1967599.4,86
8747433.5,1966229.3,87
8747276.0,1966073.3,88
8747241.2,1966188.2,89
8745470.7,1964757.6,90
8745813.2,1964310.9,91
8735354.0,1958898.7,92
8735633.9,1959080.8,93
8728773.6,1975115.5,94
8728887.0,1975349.9,95
8729306.3,1964982.9,96
8729094.3,1964323.7,97
8729024.8,1965626.6,98
8729116.3,1965400.7,99
8728175.7,1968569.5,100
8728212.5,1968570.5,101
8733648.3,1962162.0,102
8733761.7,1961873.3,103
8734729.1,1972027.3,104
8735029.7,1971967.0,105
8735439.0,1970515.1,106
8735770.8,1968443.2,107
8734518.9,1969436.6,108
8735597.5,1969140.9,109
8740032.2,1968940.6,110
8739284.5,1967851.7,111
8739009.0,1966888.0,112
8739052.2,1966739.8,113
8739202.1,1967715.6,114
8739153.1,1967572.3,115
8705733.7,1949162.1,116
8679492.8,1942442.3,117
8747041.1,1968526.6,118
8747010.3,1967970.8,119
8747113.6,1968902.5,120
8747124.3,1968794.4,121
8747168.1,1968985.5,122
8729684.5,1990893.2,123
8729617.0,1990583.2,124
8729637.3,1990529.5,125
8729659.5,1990474.5,126
8735822.1,1968415.6,127
8735891.7,1968403.8,128
8736043.0,1968259.5,129
8739134.5,1967532.5,130
8739268.1,1967813.1,131
8738921.1,1967352.0,132
8742138.2,1964374.2,133
8742145.5,1964776.0,134
8747118.2,1968772.1,135
8729460.0,1967824.0,136
8732600.9,1983022.2,137
8732316.7,1983434.0,138
8733529.1,1974404.9,139
8736015.6,1974058.1,140
8736001.3,1974025.3,141
8735993.5,1973765.5,142
8736231.3,1972270.8,143
8736176.8,1972243.9,144
8736534.0,1972891.4,145
8736448.3,1972824.3,146
8736266.7,1973196.1,147
8736316.5,1973202.9,148
8736322.5,1972643.8,149
8736297.8,1972631.2,150
8735991.6,1973308.5,151
8736004.5,1973293.2,152
8736199.6,1972026.1,153
8734488.9,1970992.7,154
8747960.7,1948157.0,155
8748013.2,1948087.9,156
8746963.6,1947674.8,157
8746995.3,1947615.2,158
8747980.1,1948181.5,159
8747986.7,1948169.6,160
8747962.6,1948158.0,161
8748255.3,1948340.9,162
8748289.8,1948361.1,163
8748074.2,1948077.2,164
8748264.4,1948461.9,165
8747882.2,1948121.5,166
8717926.8,1976872.3,167
8717987.8,1976663.9,168
8729093.3,1964293.4,169
8729232.8,1964034.7,170
8710240.3,1981911.8,171
8709444.4,1983932.8,172
8699516.2,1997435.1,173
8722823.0,1969350.2,174
8722840.8,1969400.4,175
8732000.7,1963805.3,176
8720162.5,1986286.7,177
8719935.0,1986086.0,178
8720157.1,1986334.4,179
8720154.7,1986392.9,180
8725280.5,1966922.1,181
8724871.8,1965594.3,182
8718155.0,1978918.8,183
8718288.0,1978553.1,184
8718264.4,1978516.3,185
8717903.5,1977148.4,186
8713961.4,1985418.3,187
8708818.0,1986153.3,188
8748442.8,1978679.8,189
8748320.6,1979120.2,190
8745416.6,1969058.7,191
8745452.6,1968881.5,192
8745741.7,1968444.6,193
8745165.8,1969374.5,194
8745338.7,1969251.6,195
8745344.3,1969238.3,196
8745416.6,1969072.2,197
8746149.0,1968349.9,198
8744649.8,1969456.2,199
8744973.2,1969383.6,200
8744984.2,1969383.6,201
8745159.8,1969383.9,202
8746160.9,1968347.4,203
8746980.3,1967973.1,204
8728274.9,1989966.7,205
8728454.1,1990119.3,206
8722905.8,1969425.9,207
8737006.1,1970281.1,208
8738672.9,1973349.4,209
8738776.4,1973515.9,210
8718236.5,1985928.7,211
8711745.5,1983673.4,212
8720441.7,1969507.3,213
8720324.3,1969356.1,214
8720086.3,1969003.4,215
8719731.3,1968532.6,216
8735989.1,1973561.0,217
8733452.6,1973514.5,218
8733441.7,1973699.8,219
8731372.4,1974987.6,220
8730976.0,1974860.2,221
8730870.0,1974922.6,222
8730984.9,1974863.6,223
8731360.9,1974989.5,224
8730892.6,1959976.2,225
8730817.4,1960268.7,226
8730814.3,1960281.1,227
8730830.5,1960460.0,228
8736203.3,1974696.0,229
8736660.7,1975119.9,230
8744631.6,1969458.2,231
8744632.3,1969484.2,232
8717903.3,1977135.6,233
8717887.2,1977010.3,234
8717900.6,1976963.3,235
8735652.2,1959109.6,236
8738411.6,1980084.2,237
8738417.7,1980049.2,238
8738399.2,1979901.4,239
8738397.0,1979881.6,240
8738495.7,1979757.3,241
8738398.5,1979894.7,242
8738494.9,1979638.4,243
8738579.5,1979526.9,244
8738590.0,1979521.5,245
8738727.0,1979451.3,246
8738852.0,1979407.6,247
8749630.4,1957081.7,248
8749370.9,1957074.2,249
8749355.7,1957070.1,250
8749275.1,1957078.5,251
8749807.2,1957091.1,252
8749641.8,1957080.0,253
8748608.1,1955873.3,254
8748821.9,1956388.8,255
8746282.8,1988320.7,256
8746260.0,1988245.9,257
8746140.3,1988130.9,258
8746280.2,1988312.3,259
8745710.8,1987691.0,260
8745479.0,1987432.1,261
8745767.2,1987699.5,262
8713163.6,1965601.2,263
8721060.3,1966044.9,264
8721072.5,1966026.4,265
8721611.4,1965659.2,266
8719423.6,1967049.4,267
8719422.2,1967038.5,268
8719703.9,1968540.8,269
8719532.8,1968442.5,270
8719527.4,1968419.7,271
8719523.1,1968406.7,272
8719486.6,1968308.6,273
8719324.9,1967407.9,274
8719373.1,1967301.9,275
8720188.7,1969188.2,276
8720100.2,1969032.0,277
8720228.3,1969249.0,278
8727697.4,1963978.9,279
8727358.1,1964324.1,280
8732895.7,1947624.3,281
8732602.6,1947619.5,282
8733181.2,1947626.7,283
8732974.3,1947624.8,284
8732198.5,1947613.6,285
8731994.1,1947609.9,286
8732282.1,1947614.8,287
8732558.3,1947619.0,288
8731849.1,1947608.1,289
8731530.9,1947603.5,290
8731025.3,1947595.4,291
8730794.1,1947592.8,292
8731201.3,1947597.9,293
8731292.5,1947600.0,294
8731441.9,1947602.3,295
8731449.3,1947602.3,296
8728796.1,1947564.1,297
8728489.7,1947764.2,298
8728973.7,1947566.1,299
8729838.3,1947579.1,300
8729873.0,1947579.5,301
8729902.2,1947580.0,302
8729976.2,1947580.8,303
8730137.5,1947583.6,304
8730301.5,1947586.4,305
8730612.8,1947589.9,306
8732277.2,1947845.4,307
8731602.7,1947836.0,308
8731622.1,1947871.7,309
8731622.6,1947836.3,310
8731526.7,1947835.4,311
8731620.6,1947943.8,312
8732344.4,1947846.5,313
8731012.0,1947801.5,314
8731255.3,1947878.2,315
8731248.0,1947804.7,316
8731254.6,1947931.7,317
8730928.2,1947800.8,318
8730528.0,1947794.9,319
8730446.6,1947793.6,320
8729973.4,1947786.5,321
8730641.2,1947869.4,322
8730641.4,1947796.6,323
8730641.3,1947922.9,324
8729845.3,1947784.9,325
8728880.1,1947770.4,326
8729863.9,1947785.2,327
8729897.0,1947785.7,328
8730175.3,1947861.5,329
8730176.7,1947789.5,330
8730024.7,1947859.9,331
8730025.7,1947787.2,332
8729986.8,1948053.0,333
8729987.1,1948034.3,334
8730423.3,1947937.9,335
8730098.2,1947938.6,336
8730010.3,1947939.6,337
8730174.4,1947928.3,338
8730889.9,1947944.1,339
8730531.5,1947940.6,340
8730641.4,1947938.3,341
8731061.0,1947945.3,342
8731254.1,1947953.5,343
8731504.9,1947957.7,344
8732874.4,1947854.3,345
8732581.7,1947850.0,346
8732564.8,1947849.7,347
8732977.8,1947855.6,348
8733126.6,1947841.7,349
8728706.6,1947767.1,350
8728064.3,1947759.0,351
8728382.0,1947502.3,352
8728378.0,1947762.9,353
8728768.5,1947331.5,354
8728429.5,1947327.3,355
8728409.4,1947327.1,356
8728382.2,1947481.5,357
8732274.0,1947953.9,358
8732138.9,1947952.2,359
8732091.5,1947951.6,360
8731866.7,1947948.3,361
8731819.3,1947947.8,362
8731677.8,1947946.0,363
8731616.0,1948066.5,364
8731625.3,1947945.2,365
8731620.5,1947945.2,366
8731610.6,1948353.9,367
8731612.9,1948218.5,368
8731614.6,1948116.6,369
8731615.4,1948083.3,370
8729123.9,1987887.5,371
8729334.9,1987830.1,372
8728550.6,1987992.5,373
8729029.5,1987937.2,374
8749474.9,1956333.5,375
8750503.8,1956805.0,376
8729116.9,1965385.2,377
8729117.2,1965377.8,378
8729117.5,1965370.2,379
8729322.4,1965022.7,380
8729313.6,1965001.1,381
8729310.9,1964994.2,382
8736208.3,1974706.5,383
8743564.9,1965793.3,384
8743471.5,1965565.4,385
8743183.1,1966128.9,386
8743283.1,1966059.6,387
8728010.0,1947887.8,388
8728003.5,1948440.7,389
8728002.7,1948487.7,390
8728065.9,1948671.6,391
8748185.5,1954757.9,392
8748258.3,1954767.9,393
8748280.0,1954770.9,394
8740093.8,1969256.8,395
8740058.7,1969364.4,396
8740120.6,1969158.3,397
8740117.8,1969193.9,398
8745862.9,1987818.9,399
8745858.2,1987830.1,400
8745894.7,1988019.4,401
8722817.4,1968442.6,402
8723120.2,1967498.5,403
8720910.4,1967761.4,404
8721949.9,1967612.6,405
8723263.6,1968169.8,406
8722872.1,1968425.5,407
8728843.6,1965757.1,408
8728998.8,1965632.4,409
8729012.2,1965629.1,410
8748489.1,1955348.4,411
8748490.5,1955352.0,412
8748514.2,1955413.8,413
8748515.9,1955418.2,414
8722268.0,1967617.4,415
8722875.4,1967515.6,416
8722229.2,1967599.2,417
8728862.8,1980213.9,418
8728982.3,1979691.8,419
8748615.3,1955870.6,420
8733696.6,1974650.0,421
8703438.2,1969966.9,422
8721995.9,1967566.3,423
8747679.1,1968650.0,424
8747917.9,1968671.3,425
8747682.6,1968661.4,426
8729361.2,1976791.6,427
8729478.9,1976374.8,428
8729259.9,1976772.6,429
8729352.4,1976800.7,430
8726424.9,1971926.8,431
8726401.9,1971617.2,432
8749429.1,1965999.3,433
8754741.4,1965157.2,434
8747272.0,1965885.6,435
8747214.8,1966176.0,436
8731795.3,1961643.5,437
8732038.2,1961604.6,438
8732045.7,1961612.6,439
8732149.2,1961622.4,440
8732854.1,1962256.2,441
8733160.4,1962783.2,442
8737419.5,1945403.3,443
8737067.7,1945172.2,444
8735918.2,1944364.7,445
8735571.5,1943889.9,446
8736512.5,1945048.9,447
8736520.7,1945057.0,448
8737055.8,1945175.2,449
8737589.8,1945715.6,450
8737420.5,1945415.7,451
8749829.5,1949786.0,452
8749598.9,1949714.7,453
8709460.7,1977527.4,454
8709608.2,1975776.0,455
8740051.8,1969397.3,456
8740068.3,1969510.6,457
8740182.0,1969775.8,458
8740231.6,1969865.3,459
8738112.5,1976542.4,460
8738090.9,1976459.8,461
