from,to,length_m
0,1,1500.2983592414694
2,3,753.5739400813693
4,5,2021.5586579863025
6,7,1320.9202071752998
8,9,760.0176403795692
11,10,326.96732259950227
12,13,2287.654865217218
14,15,254.6164762339414
16,17,1522.2282871173838
18,19,1135.4723831558356
20,21,8.196797017945935
20,22,304.64275104439326
21,23,1013.7197545315452
24,22,8.70610971050337
25,26,937.2218102705518
27,4,426.6201792297832
23,28,24.403002191376583
28,29,298.74430117993256
29,27,15.498922651812745
31,30,210.35954554050628
32,33,43.9613789100879
33,34,856.3461098776847
35,32,3401.6339017444734
37,36,288.1927571381149
38,39,806.2780652982722
40,41,2311.29423865407
43,42,19.537143819720896
42,39,158.56224014534502
44,45,1055.9880587589698
46,47,303.9725686376074
48,49,197.6567300926116
50,51,225.4039693953568
51,52,222.6371916565567
54,53,508.4686395361341
56,55,270.9079056339939
57,58,1635.6615357699973
59,60,120.82807540400069
62,61,303.25690180563987
63,64,342.3690553143972
65,66,310.57986970437804
68,67,2115.238743861797
69,70,1171.3831442414
71,72,1367.250461677615
73,74,168.22200639433544
75,76,152.1612259261092
77,78,725.477401043976
79,80,117.17521831521807
81,79,129.21109881141757
83,82,329.5854499209453
84,85,59.25438390802816
84,83,57.45209116273924
86,87,70.61591973083739
68,86,58.19093588035489
87,88,215.0258197088984
88,6,94.69047083329042
89,76,43.95344996297065
72,90,41.93024292359711
75,90,123.01932430406558
91,89,284.197590076203
92,93,462.29623900945097
3,92,11.076284903128832
94,80,23.116686672656986
95,96,1795.7038211703982
98,97,570.6127295153013
5,99,381.52059170028497
100,101,35.85014229004357
102,101,269.870909321598
103,104,60.722319643657215
105,106,108.82684919269238
107,108,50.28887623659774
110,109,27.67270589334199
111,112,20.080365733897448
108,105,632.5921935989882
104,113,318.73268398654506
106,109,250.4644747780149
103,110,375.3310132406125
112,107,281.0286050334637
113,114,1866.8297993420456
26,24,4563.642464812918
51,115,94.66774505565895
116,117,232.67711382331092
118,119,53.27243650914853
120,121,372.5342657045725
122,120,48.068761452159634
122,123,58.867041090242594
124,125,1495.2864039684491
127,126,405.2695638762815
127,128,44.23806344860279
129,128,1696.2782284400537
131,130,188.38486371035535
131,132,591.6396883204486
133,134,226.29394522846357
135,136,200.17511735942213
132,137,474.6480504960196
138,139,429.17365502726045
140,141,184.93222940489017
142,143,1055.5330828551423
144,145,235.60742955170008
146,119,85.98977997901993
147,148,259.8649796860076
149,150,693.9350365626964
151,111,253.24073529326583
102,151,204.54896055627893
152,4,655.6025438204117
153,154,162.68445521488815
155,153,9.454224497444011
155,156,565.0846499189132
152,156,11.585871628286734
157,158,341.27714679072807
159,160,184.46905116282687
158,159,12.841292158627102
161,100,726.7429802821745
13,162,25.546595692148788
163,138,18.331215289930743
164,163,29.402732675739124
166,165,126.38710603774877
129,165,12.85143481583403
116,167,94.83471033666154
167,166,49.669356974158354
168,169,35.56765856125236
169,170,151.99988200260967
171,172,176.35562882973198
173,171,13.165998183541957
170,173,6.753063370788152
172,174,142.05775809741067
174,175,157.52246368459805
176,177,156.93634306503736
175,176,11.7467205829222
177,178,141.5036215397625
54,179,13.830140337206512
180,181,173.4329721370503
181,55,21.600072261391464
179,182,8.742840036834385
182,180,69.44895487706088
184,183,380.3303902422828
185,183,57.994311841463286
186,187,22.216302409612872
187,188,718.1813859513927
189,190,10.945216508839325
190,186,2346.209540020061
150,191,28.56108001248641
192,191,222.78810449481009
192,193,23.4240412649656
193,194,13.73496436927732
194,195,104.63256690767196
195,196,1106.5108276529425
196,197,118.25950943310502
189,197,259.70532899575807
198,199,189.315606616812
199,149,31.80805054371812
148,200,150.32193025933793
200,198,72.64398309643211
202,201,535.8028616743609
204,203,251.80743933537764
206,205,497.3165236030047
207,208,1383.0562144564465
162,209,696.4853395973332
209,161,11.668860447508848
211,210,113.46030858918569
212,213,35.8573656168066
214,185,185.36703719497524
215,214,12.145840520711603
215,216,206.1165094368168
56,216,18.083385709027123
217,218,1439.7973087800824
220,219,1432.6352593920012
221,222,581.5760397690012
223,224,743.2328877999698
225,223,42.84140026778648
226,227,675.9813063457059
227,25,12.56851172558725
228,225,254.2137863427276
228,220,65.19240733131842
230,229,455.0599267465225
230,231,380.2406317217092
231,229,11.887299869002634
233,232,312.0212500324949
235,234,6135.247538986188
236,237,336.8334092175149
238,239,647.9705829709343
45,238,11.655814851739494
240,241,116.05671112677616
241,36,5.531286663468885
243,242,102.70305921981269
37,242,12.904415618980796
244,245,85.36205196499088
245,12,12.41550201524152
