from,to,length_m,slope
0,1,310401.35526064865,0.002
2,3,9161.64342184545,0.0030562202337230775
4,5,3002.078505067748,0.0026648203857745096
6,7,5036.040357086623,0.003971374052206784
8,9,1500.2983592414694,0.002
10,11,18278.85870580377,0.02565805707831674
12,13,10009.53999038884,0.002997140730623585
14,15,5961.341788056902,0.006038908903382
16,17,736.6302349239796,0.013575331999550631
19,18,753.5739400813693,0.002654019590677518
20,21,8931.874654408506,0.002
22,23,5753.190592057659,0.0027810655225099217
24,25,2021.5586579863025,0.002
26,27,1320.9202071752998,0.018169151981800937
29,28,10711.92041625404,0.04340958314948073
30,12,12773.83331203271,0.002
31,30,6608.340160346017,0.002
32,33,760.0176403795692,0.002
35,34,326.96732259950227,0.06728501131272832
36,37,2287.654865217218,0.0034970310083205594
38,39,254.6164762339414,0.002
40,41,1522.2282871173838,0.0032846584459867117
42,43,1135.4723831558356,0.002642072184672651
44,15,6709.740111982918,0.002
3,13,3949.383007435788,0.002
15,10,6259.081680270399,0.0025562855411257043
45,46,8.196797017945935,0.002
47,45,304.64275104439326,0.002
46,48,1013.7197545315452,0.0039458637183690465
49,47,8.70610971050337,0.002
51,50,937.2218102705518,0.0021339665574178768
24,52,426.6201792297832,0.009376021563774994
48,53,24.403002191376583,0.002
53,54,298.74430117993256,0.002
54,52,15.498922651812745,0.002
56,55,210.35954554050628,0.07606025178885492
57,58,43.9613789100879,0.002
58,59,935.4310003239108,0.002
60,57,3401.6339017444734,0.005585551105383843
61,62,531.5042236934522,0.0188145259326623
5,61,38.24238319902656,0.002
63,64,288.1927571381149,0.002
65,66,806.2780652982722,0.002
67,68,2311.29423865407,0.010816450619700496
69,70,19.537143819720896,0.002
66,69,158.56224014534502,0.002
71,72,1055.9880587589698,0.00852282364876084
73,74,303.9725686376074,0.002
75,76,197.6567300926116,0.002
77,78,1444.2900008590648,0.002077145170440561
79,80,225.4039693953568,0.002
81,80,222.6371916565567,0.002
83,82,508.4686395361341,0.00983344814453336
84,85,270.9079056339939,0.002
86,87,1635.6615357699973,0.002
88,89,120.82807540400069,0.002
90,91,704.522344834884,0.002
92,93,341.42765432805567,0.002
94,95,303.25690180563987,0.002
96,97,901.1343412002724,0.002
98,99,293.04830538597787,0.002
100,101,40.6988871437095,0.002
102,103,342.3690553143972,0.002
104,105,310.57986970437804,0.002
107,106,2115.238743861797,0.0042548388573710955
108,109,1171.3831442414,0.002
110,111,1367.250461677615,0.010970923338797059
112,113,168.22200639433544,0.002
114,115,152.1612259261092,0.002
116,31,5208.392373768762,0.002
116,117,33534.75915361033,0.016937649601066227
118,119,725.477401043976,0.002
120,121,117.17521831521807,0.002
122,120,129.21109881141757,0.002
124,123,329.5854499209453,1.8538439732292646
125,126,59.25438390802816,0.002
124,125,57.45209116273924,0.002
127,128,70.61591973083739,0.002
107,127,58.19093588035489,0.002
128,129,215.0258197088984,0.002
129,26,94.69047083329042,0.002
115,130,43.95344996297065,0.002
111,131,41.93024292359711,0.002
131,114,123.01932430406558,0.002
130,132,284.197590076203,0.031668108084895424
133,134,462.29623900945097,0.002
19,133,11.076284903128832,0.002
121,135,23.116686672656986,0.002
136,101,1795.7038211703982,0.005011962381487838
137,138,570.6127295153013,0.002
25,139,381.52059170028497,0.015726543024218942
140,141,35.85014229004357,0.002
141,142,269.870909321598,0.002
143,144,60.722319643657215,0.002
145,146,108.82684919269238,0.002
147,148,50.28887623659774,0.002
149,150,27.67270589334199,0.002
151,152,20.080365733897448,0.002
148,145,632.5921935989882,0.002
144,153,318.73268398654506,0.015687126709010707
149,146,250.4644747780149,0.003992582185103471
150,143,375.3310132406125,0.002
152,147,281.0286050334637,0.002
153,23,1866.8297993420456,0.002
51,49,4563.642464812918,0.003944217834500734
80,154,94.66774505565895,0.002
155,156,92.43391783285124,0.002
157,158,67.50589240934013,0.002
159,160,13.604947903337305,0.002
155,161,2.0894428925703514,0.002
162,163,39.90307599204291,0.002
164,162,356.34491532380645,0.002
160,159,316.2109257166064,0.002
161,160,26.792721948286776,0.002
156,164,61.94991811136937,0.002
163,165,104.03864986938606,0.002
166,155,86.65189097276523,0.002
168,167,232.6771138233109,0.004297801290243675
169,170,319.2809927532144,0.002
97,169,30.261499164850367,0.002
171,172,2464.7456743078105,0.002028606866874482
172,173,22425.97116935336,0.023098219296200772
174,175,53.27243650914853,0.002
176,44,2405.301155322297,0.002
177,178,372.5342657045725,0.04294906931511191
179,177,48.068761452159634,0.002
180,179,58.867041090242594,0.002
181,182,1495.2864039684491,0.006018913818860552
183,184,405.2695638762815,0.002
184,185,44.23806344860279,0.002
186,185,1696.2782284400537,0.002
187,188,7213.536555512432,0.002218052113116851
190,189,457.1288375257901,0.0131254025286941
191,192,188.38486371035532,0.002
192,193,591.6396883204486,0.035494576199941834
195,194,226.2939452284636,0.039771280627564784
196,197,200.17511735942213,0.002
193,198,474.6480504960196,0.002
199,200,429.17365502726045,0.002
201,202,184.93222940489017,0.002
203,204,1055.5330828551423,0.0028421657726588846
205,206,235.60742955170008,0.002
175,207,85.98977997901993,0.002
208,14,36.6247575327582,0.002
23,208,318.75701029131073,0.002
209,210,198.19004997268263,0.002
211,187,6577.637114388062,0.0028885752846472784
212,172,2553.916376227685,0.00430711048427035
213,214,259.8649796860076,0.002
215,216,693.9350365626964,0.005764228334417877
217,151,253.24073529326583,0.002
142,217,204.54896055627893,0.002
218,22,65.99154781806953,0.002
219,218,187.5897310028953,0.002
24,220,655.6025438204117,0.0061012575953270165
221,222,162.68445521488815,0.002
223,221,9.454224497444011,0.002
224,223,565.0846499189132,0.002
220,224,11.585871628286734,0.002
13,176,3524.9069608567047,0.0022695634491458052
225,226,341.27714679072807,0.002
227,228,184.46905116282687,0.1301031248803666
226,227,12.841292158627102,0.002
229,140,729.8695642935814,0.016441293879152826
37,230,25.546595692148788,0.002
231,199,18.331215289930743,0.002
232,231,29.402732675739124,0.002
233,234,126.38710603774877,0.002
186,233,12.85143481583403,0.002
235,167,94.83471033666154,0.002
234,235,49.669356974158354,0.002
236,6,41.1009680135104,0.002
93,236,34.09566689238722,0.002
237,238,35.56765856125236,0.002
238,239,151.99988200260967,0.002
240,241,176.35562882973198,0.002
242,240,13.165998183541957,0.002
239,242,6.753063370788152,0.002
241,243,142.05775809741067,0.002
243,244,157.52246368459805,0.002
245,246,156.93634306503736,0.002
245,244,11.7467205829222,0.17026028548833205
246,247,141.5036215397625,0.002
248,249,285.6404766371728,0.002
250,251,82.03792030326662,0.002
249,250,15.80253590775047,0.002
253,252,180.23543161047047,2.868470396638514
253,248,11.58058608737798,0.002
254,255,879.5548625192299,0.002
83,256,13.830140337206512,0.002
257,258,173.4329721370503,0.002
258,84,21.600072261391464,0.002
256,259,8.742840036834385,0.002
259,257,69.44895487706088,0.002
260,261,380.3303902422828,0.002
262,260,57.994311841463286,0.002
263,2,5301.845574617429,0.002
264,265,22.216302409612872,0.002
265,266,718.1813859513927,0.002
267,268,10.945216508839325,0.002
268,264,2346.209540020061,0.007245729637538957
216,269,28.56108001248641,0.002
269,270,222.78810449481009,0.049374269891758284
270,271,23.4240412649656,0.002
271,272,13.73496436927732,0.002
272,273,104.63256690767196,0.002
273,274,1106.5108276529425,0.004518708606408912
274,275,118.25950943310502,0.002
275,267,259.70532899575807,0.002
276,277,189.315606616812,0.002
277,215,31.80805054371812,0.002
214,278,150.32193025933793,0.002
278,276,72.64398309643211,0.002
280,279,537.3413286656717,0.002
281,282,293.1660024815439,0.002
284,283,206.96300000077284,0.07730850441837553
284,281,78.57097016378343,0.002
285,286,204.50543983493208,0.002
287,285,83.58647791453946,0.002
288,287,276.23832080253925,0.06516112589920775
282,288,44.25207771317616,0.002
289,290,318.217467324861,0.002
289,286,145.0164612127799,0.10343653316702292
291,292,231.18053432505104,0.002
293,291,176.03654787328048,0.002
294,293,91.2157330870314,0.002
295,294,149.39744872883043,0.002
296,295,7.469537831842899,0.002
290,296,81.55088539250511,0.002
297,298,388.4364397312237,0.04119078017260972
299,297,177.6439546519208,0.002
299,300,864.738225842853,0.002312838660567615
301,300,34.62334544377641,0.002
302,301,29.20246108715417,0.002
303,302,73.99843552148852,0.002
304,303,161.3496818968514,0.002
305,304,164.07439575201394,0.002
306,305,311.3247223095996,0.002
292,306,181.2960747790672,0.07170590988162423
307,308,674.6052171543624,0.010376439170642031
309,310,35.42283382813167,0.002
308,311,75.91118018910805,0.002
312,309,72.0572997333547,0.002
313,307,67.20137582807955,0.002
311,314,517.7678345908582,0.002
315,316,76.68611097445624,0.002
317,315,53.53711868538903,0.002
314,318,83.83772311055613,0.002
318,319,400.2709306306589,0.047467848764495536
320,321,473.195523648098,0.002
319,320,81.39559441226648,0.002
322,323,72.85646211726987,0.002
324,322,53.41579201721381,0.002
325,326,965.2826026585356,0.0031078981344297954
327,325,18.60341837042437,0.002
328,327,33.143962408283805,0.002
321,328,76.44708274339698,0.002
329,330,71.96016784214612,0.002
331,332,72.66525710359542,0.002
333,334,18.686500057078845,0.002
334,331,179.38934450715783,0.002
335,336,328.1068058641189,0.002
336,337,87.95951024160705,0.002
338,329,66.80197921378593,0.002
339,340,358.5491796408741,0.05299133585811174
341,324,15.443278401558016,0.002
340,335,108.34682515359128,0.002
342,339,171.24006564244448,0.002
343,342,193.7254856361676,0.002
343,317,21.75430174093898,0.002
344,343,250.8605598457433,0.002
345,346,292.74568223821507,0.002
347,313,220.4033574582241,0.002
346,347,16.944766660264754,0.002
348,345,103.35740668413868,0.002
348,349,334.4635006211516,0.04783780583018916
350,351,642.3422151357628,0.002
326,350,173.54393976222002,0.002
353,352,260.6366655332848,0.015347034891716632
354,355,338.9938158685322,0.05899812640758129
355,356,20.105519551407784,0.002
356,357,167.60801272936004,0.002
357,352,20.770141917547992,0.002
358,359,135.11846014249514,0.002
359,360,47.38207284389462,0.002
360,361,224.8227767866484,0.031135635365996915
361,362,47.35784538058853,0.002
362,363,141.5542608348178,0.002
364,312,122.83898424964804,0.002
363,365,52.526169632877874,0.002
365,366,4.775606155395508,0.002
367,368,135.38540318965167,0.002
368,369,101.95080022401076,0.002
369,370,33.27483425043366,0.002
370,364,16.828102097937848,0.002
371,372,251.80743933537764,0.002
374,373,497.3165236030047,0.014075542773615791
375,376,1383.0562144564465,0.36947160546241975
99,377,15.420727801945716,0.002
378,379,7.5180404925518864,0.002
377,378,7.494732544937113,0.002
380,381,23.38047269986148,0.002
382,96,12.182908946218443,0.002
381,382,7.361006586282135,0.002
383,230,696.4853395973332,0.002
383,229,11.668860447508848,0.002
384,385,246.3774736965707,0.002
386,387,123.28858672569449,0.002
388,389,552.8778070118991,0.002
389,390,47.00158853911395,0.002
390,391,207.7091017731861,0.002
392,393,73.55155858681549,0.002
393,394,21.8469589105422,0.002
395,396,113.46030858918569,0.002
397,398,35.8573656168066,0.002
399,262,185.36703719497524,0.002
400,399,12.145840520711603,0.002
401,400,206.1165094368168,0.002
85,401,18.083385709027123,0.002
402,403,1439.7973087800824,0.006945422066716351
404,405,1432.6352593920012,0.002
407,406,581.5760397690012,0.01719465610029592
408,409,219.134245399646,0.002
409,410,13.79508975633729,0.002
410,98,12.865817907525122,0.002
394,411,682.1315588439409,0.002
411,412,3.8987126785157353,0.002
412,413,66.14900431070352,0.002
413,414,4.75350952233338,0.002
415,416,743.2328877999698,0.002
417,415,42.84140026778648,0.002
418,419,675.9813063457059,0.002
419,50,12.56851172558725,0.002
414,420,548.9676179250581,0.014572808556974145
420,254,7.701808201620876,0.002
421,219,1077.9518057457817,0.005566111553427841
21,421,38.794350385701485,0.002
263,422,13039.233722073646,0.041566859798092874
423,417,254.2137863427276,0.002
405,423,65.19240733131842,0.002
424,425,455.0599267465225,0.002
425,426,380.2406317217092,0.002
426,424,11.887299869002634,0.002
427,428,594.1346470304984,0.025246802345176164
429,430,111.71634751812763,0.002
430,427,12.623219777186778,0.002
431,432,312.0212500324949,0.002
433,434,6135.247538986188,0.07579156293942109
435,436,336.8334092175149,0.002
437,438,252.76421059664168,0.0316500503814059
439,440,107.35682615124898,0.002
438,439,10.991993038531945,0.8187778111258712
441,442,647.9705829709343,0.018519359235384114
72,441,11.655814851739494,0.002
444,443,516.4496859110984,0.015490376348833948
445,446,784.2028140874236,0.7434301299701874
447,445,1098.8554997504812,0.002730113286670736
448,447,11.55192317106393,0.002
449,448,572.7518729833462,0.002
444,449,12.228697193088806,0.002
450,451,346.08954213291594,0.014447128246596212
451,443,12.446464097865311,0.002
453,452,241.37745215200133,2.2371600793099296
455,454,1990.1375091341504,0.007034689781858834
456,457,116.05671112677616,0.002
457,63,5.531286663468885,0.002
458,459,102.70305921981269,0.002
458,64,12.904415618980796,0.9299142521688071
460,461,85.36205196499088,0.002
461,36,12.41550201524152,0.002
