node_id,land_type,area_m2
18,water,407319.5247068378
17,water,19878637.019224126
432,water,403928.9167749846
408,water,158611.32013165572
86,water,223301.7116682725
232,water,350423.98931144696
44,forest,46617.57457918257
44,forest,27720.07846647737
3,water,137724.06225450285
94,water,71988.18918498023
225,water,70567.17070889831
69,water,14756.19672903705
68,water,36218.162080703114
68,water,5995.523912370288
266,water,133305.98189046825
154,residential,1797.4503722188608
237,forest,20582.734826071388
237,forest,8582.249221214674
431,water,5100.535206401071
431,water,3786.7396312544715
429,water,184067.7498701423
38,water,69836.27460513057
432,commercial,88300.61425038868
100,water,47934.47209054011
431,commercial,39142.31787731809
431,commercial,49253.04977118995
431,commercial,24170.139269554722
431,commercial,14887.6169847982
431,residential,42737.52762018972
14,commercial,32348.326874301085
93,water,172993.05075427258
92,water,180406.36476932038
450,water,3322140.6078577233
20,water,1387938.670158178
454,water,484386.14475052967
175,commercial,223787.74285956068
43,residential,11442.814688283292
432,residential,27915.545476842995
431,residential,2735.9796180856965
431,residential,15356.924836233724
230,residential,8266.929695889932
37,residential,7295.657383663238
69,commercial,12288.147830432124
460,residential,58506.38787921729
460,residential,76312.31532384316
460,residential,4661.122355758789
36,water,175625.50514789263
460,residential,14337.381054376623
431,commercial,25959.63610527465
431,commercial,12523.12105649113
431,residential,30466.718104150423
431,water,73169.51407146246
431,water,41293.387231613546
138,forest,4325685.818223181
170,residential,65491.812687352955
34,water,8334.657377256042
34,water,2314.7838634988925
35,water,8197.147592701185
20,water,120303.8653481192
431,commercial,12380.444694476058
431,commercial,1580.975296939422
431,residential,20273.12786975856
431,residential,1509.1182673985636
94,water,51046.30031772999
94,water,62839.83146426218
35,forest,4316.860524964079
431,forest,9635.318242391684
58,commercial,8466.00786291725
207,water,18426.29852695878
180,water,602441.5472392048
211,water,420416.42873781855
211,water,306007.9285403856
171,water,539096.6504284546
183,water,1399474.5114898817
107,commercial,15425.563517442923
107,commercial,7972.926846929106
59,water,13788.845792093201
108,water,12332.421246469768
58,water,6662.4747651974185
431,water,5587.142317925111
431,commercial,31711.86525681607
207,water,9819.982620148772
207,commercial,73584.02683843025
207,water,13550.19073855087
35,commercial,30707.008466153624
39,water,26436.039784447665
129,water,9438.946220075824
213,water,32726.869238237057
349,industrial,48539.811525213954
91,water,64675.350888026616
207,commercial,277935.87046883366
184,commercial,4354.923758993601
184,residential,93754.0594376477
42,commercial,9953.260566768973
431,commercial,820.9785773420518
432,commercial,733.6349831295277
432,commercial,16288.551312680225
432,commercial,1703.2360478938574
432,commercial,1265.7157555381286
94,commercial,1447.8824591830762
168,residential,1389518.5192149675
429,residential,550925.3632712202
94,residential,162386.82558344278
94,commercial,4565.326206158952
223,industrial,69073.68289805284
184,water,119258.57955636606
184,water,33074.20499484739
47,industrial,46927.74085185343
95,industrial,95624.83964430846
431,water,2645.746548908889
432,commercial,82916.37393773037
431,water,358.2337079183819
94,commercial,40500.19573323234
51,commercial,10600.958568022925
419,water,35528.29957858859
50,water,71238.34529177807
51,commercial,2143.531273338082
51,commercial,4741.6089617034595
95,residential,166202.19266760422
427,commercial,33889.12203031278
430,water,67805.17049857849
431,commercial,23728.343225493307
57,commercial,211.30840297879502
211,water,31517.32217875175
213,commercial,143516.40052948587
213,commercial,38827.94970043367
213,residential,48852.044548813166
213,commercial,28157.50848149342
213,residential,25045.45354713889
213,residential,31723.92067726642
213,residential,30839.420918167776
213,commercial,30366.46773255833
213,commercial,51837.1056949236
67,commercial,10681.423047923412
67,forest,6130.453260905404
42,water,76773.61908736802
231,commercial,53203.77000386859
231,forest,387126.93503066263
38,water,5159.149979899229
427,water,3141.151637610098
90,water,64909.95580800068
91,residential,96929.2535243601
91,residential,18746.069597895257
91,residential,136279.61904822377
91,residential,57742.48727227762
187,water,31586.37946617224
418,water,14602.557749527487
418,water,82073.1967619758
379,water,17947.722165519455
418,water,34387.98239619622
182,water,59663.02862448591
428,residential,16418.727823871806
418,water,12264.657777300952
183,residential,1029.4525551357692
431,commercial,946.9337055695274
184,water,394980.3918450466
184,water,41022.41276949542
418,residential,22243.09216322479
418,water,23815.588555341532
418,water,9221.860217864694
50,residential,384865.4941812586
213,commercial,243106.20242907
35,water,4384.919301064718
427,commercial,3427.619765382795
48,industrial,953563.2485315914
229,residential,24046.883496096856
212,industrial,251237.58543775565
186,industrial,2437776.027615984
212,industrial,775209.0225299322
221,industrial,99126.12413369557
67,water,1502.5353425752974
136,residential,93145.90769117686
42,industrial,92717.99192952053
42,residential,8785.985683640065
209,residential,2954.2626472044403
20,residential,36665.09263751334
213,commercial,132785.78401037634
418,park,2686.8852586464072
138,industrial,555855.3692902662
126,industrial,1542216.1197157684
261,industrial,9533694.884096483
168,residential,44789.76470291624
168,residential,13156.566342984417
431,water,26659.449243317707
431,water,2539.8764449892815
168,water,31352.116381047217
181,residential,93491.55338449776
158,residential,311889.64280394785
450,residential,494177.2784691128
356,residential,65680.29413255297
351,residential,17929.812222520835
356,residential,66388.5773707371
351,residential,100963.10488909454
30,residential,66259.09232214853
30,residential,125168.84526114502
282,residential,13328.728104485146
51,residential,4843.533422797629
51,commercial,10286.544379456114
51,commercial,12742.89541124257
107,commercial,11292.387082731875
225,industrial,1456396.7276925999
225,industrial,1056532.6040541483
18,water,19746.88598454152
431,residential,7241.287261577997
14,commercial,8269.821811300473
14,commercial,2926.5230465440204
14,commercial,2816.8393855614245
8,residential,42663.60637964098
74,water,158188.7114013772
279,water,213029.08221191415
113,water,59630.502179973555
134,water,201184.75458624636
8,commercial,26888.227307598925
74,water,688.0183229455573
103,water,918.3968120787436
74,residential,50033.7739790916
8,commercial,6842.293596204207
8,commercial,5412.996077478838
74,park,9722.956705409015
41,commercial,37450.348954814086
73,commercial,3912.730996149197
182,water,312501.4191409695
51,residential,46583.59250795635
459,water,9703.447483065676
30,residential,163784.58736716863
207,residential,12872.400044288783
68,commercial,6566.607543123224
225,water,6959.161063362148
12,water,1632.8104991003866
12,water,2011.0860542008797
390,water,224688.79440348563
391,water,140352.29701430065
207,residential,9762.776828563654
356,residential,88716.60505679974
459,residential,1419.5103095101356
91,residential,40844.022986307646
10,commercial,15595.337953908296
89,commercial,293231.5983141103
90,residential,15222.390191762932
86,industrial,105147.01035248526
425,commercial,4259.867913713015
189,industrial,30791.910605782272
184,residential,6116.463185829032
32,residential,8252.07618246317
193,residential,13980.775043872001
213,water,9447.902429449046
168,water,34388.57070540862
168,water,284850.5953577302
190,water,288016.64933872037
185,residential,22506.983451909327
183,commercial,710.23955134149
184,residential,20700.14799309799
184,residential,7115.453548448486
184,industrial,39191.71497524171
100,commercial,5854.456437080693
128,forest,16099.710956847177
18,commercial,182.36359956736206
129,residential,14484.073682426813
14,industrial,104710.31410642789
23,commercial,5007.9841587391675
59,industrial,47279.63073102325
107,residential,2689.9913724544667
94,residential,34049.42275044759
92,water,127169.32021414979
92,water,123599.71381615914
92,water,70180.24895769176
388,commercial,51489.25155198434
13,water,22385.56867660824
450,residential,176754.438754763
446,residential,285294.3252338518
158,residential,174349.30448789927
164,residential,119416.76903926692
263,residential,99276.18257384426
183,water,521736.7454789866
184,water,75836.51823133793
183,water,83342.72490974198
247,water,76419.89033252126
20,water,22346.225795127655
20,water,16627.758739029065
20,water,18001.59770922532
107,residential,56054.677835741415
153,residential,43577.20883500259
418,residential,425513.26167973445
418,residential,91768.14363373008
418,water,161473.3292859521
373,water,448720.5127743558
153,residential,76583.61275754134
33,residential,79519.81740369255
143,residential,56218.142573281606
32,residential,2261.535750505024
33,residential,25903.206329090237
33,residential,3893.908258123742
33,residential,6855.940127836704
33,commercial,1752.8516571972013
33,residential,4657.7444712959405
33,residential,5257.327701056453
33,commercial,7022.803815135168
33,commercial,4825.603738004883
32,commercial,5881.498597364634
33,residential,12714.674742150344
171,water,55948.067292592
212,water,125019.50771479777
211,water,40146.44314532629
143,residential,9150.840727558274
32,commercial,47750.89264941173
100,water,6729.403849592258
450,water,247093.55476636445
104,water,1989.515079713036
104,water,15395.85989601554
105,water,1443.1666090205822
114,industrial,32280.440875627683
5,park,1613.2693119082237
22,water,3886.78801578706
122,water,175999.67690123065
42,water,7270.4723864822545
42,water,1929.7668257547537
60,residential,41121.280662967045
7,water,28603.322638693724
441,residential,8109.890408449929
372,forest,5083164.382394168
29,water,125575.33513054308
4,water,141185.8714483313
252,water,88754.78997255991
225,water,345003.85363761336
18,water,218735.9654472418
431,commercial,437911.3267523617
18,industrial,5550.269159863869
26,water,19760.46380081518
12,residential,83162.20796102547
27,residential,324.8250270719434
67,commercial,5837.636475706787
51,commercial,88.48215073095844
107,commercial,1892.694640435764
213,water,74129.0977626131
59,water,3109.0421259654418
58,commercial,8707.618672123832
26,commercial,1664.1367061932629
127,residential,11733.541540455706
57,commercial,2547.488467748949
57,commercial,9985.253938543592
58,commercial,5467.110406364467
58,commercial,14646.136761871727
59,water,15620.783447120099
43,industrial,211103.60369521574
122,industrial,326415.19518318685
42,industrial,1369141.5098296697
202,industrial,1754443.8248795166
42,industrial,1099415.7941227814
38,industrial,1517274.4231516856
42,industrial,108363.6926615132
42,industrial,120219.43978776212
14,industrial,4275.6798861041025
42,industrial,14676.571131107024
42,industrial,285745.97466265707
42,industrial,22672.114398297497
42,industrial,241196.45576328223
42,industrial,18251.11936149812
42,industrial,216351.25960808859
42,industrial,16051.710899186783
189,industrial,201930.67590911748
189,industrial,787110.1069585056
189,industrial,726645.7948553656
42,industrial,1292938.2439009277
189,industrial,1129337.9583840894
189,industrial,75588.27250119006
189,industrial,430228.6753498388
189,industrial,23578.70852490412
189,industrial,417892.4195604681
425,industrial,77710.27290384434
111,industrial,54427.737908348216
132,industrial,133624.4678690554
35,water,5277.161758075635
171,industrial,1761440.8560666018
212,industrial,222409.0722608826
212,industrial,122989.09737017023
178,industrial,5344858.689971242
178,industrial,87529.321722728
20,industrial,765826.3631067295
137,industrial,4776925.8450204125
137,industrial,282823.0176101281
135,water,21878.391094898718
27,forest,2153.266960870758
431,commercial,13715.474621300982
431,residential,40857.28417028955
147,residential,314412.6451733752
189,residential,946.8141156955545
42,water,16679.630954569402
100,industrial,2405.0054285488445
100,water,14162.831446001466
177,water,113513.07543982242
33,commercial,2146.8458007625563
431,residential,29297.833019064477
459,residential,6331.355338420833
177,residential,28576.245388902462
431,commercial,270.02769072912747
65,commercial,414.3257642336111
183,commercial,17900.04910607534
183,commercial,25101.33634308313
234,water,5666.824618362834
183,water,21040.431327815575
94,residential,288477.27057666966
419,residential,950.7845692884474
65,water,6320.924256724302
213,water,6163.024582335527
431,commercial,6339.417108697695
213,commercial,24464.00798482176
213,commercial,23129.86743925338
431,residential,914.6785564566386
213,residential,263903.35918043804
213,water,12198.443842043936
429,water,104.93997031767597
429,water,141.01005470294123
51,residential,209.72306064450842
418,commercial,6612.062908690876
183,residential,190.48272649064836
138,water,11.662590564278377
138,water,113.91769456974973
172,residential,70412.03618774653
123,industrial,128016.11334643028
123,residential,35460.78878913045
137,residential,656.9856842636674
373,forest,2011.1009082994583
138,residential,172.29383774679303
431,residential,350.43819830095873
460,residential,355.27164621491534
279,residential,41.32675925449367
14,commercial,126.56374225587079
133,residential,1585.3638937446085
100,commercial,9041.644517960785
60,commercial,228.7126074164495
18,residential,446.65823766998
57,commercial,535.6890885444901
90,residential,256.13387929135524
183,commercial,38317.36384799074
56,residential,111.28814293039133
25,commercial,261.44492874226785
56,residential,114.78447074852222
68,residential,11887.938323301223
56,residential,754.2669874486093
18,commercial,191.0282893215737
56,residential,288.52231693456497
385,residential,834.1473212503691
418,residential,43703.66617082038
209,commercial,427.38425003754173
209,commercial,736.41153607058
100,commercial,4206.038728883546
207,forest,21856.58901083638
136,water,13748.677962987478
67,water,3070.1374930551324
101,water,4678.258271779006
67,water,28086.660424370013
67,forest,253.3872920031887
67,forest,806.2811639325693
67,forest,251.62884644941866
67,water,337.26444116268266
67,water,303.77047594290025
67,water,375.9689338292569
67,water,509.6123662147603
67,water,1757.9758179346131
67,water,1534.019560099629
67,water,203.4571142403661
67,water,532.727737374663
255,forest,8901.44579269993
12,water,5867.664840020273
42,industrial,50774.41910718719
207,residential,22294.18678482904
177,water,10225.839505664533
177,water,33500.48228604422
213,residential,61126.2150183233
373,residential,24012.494730930594
431,residential,36662.3324432978
419,residential,41442.691599960526
100,residential,16973.403470854464
431,residential,12710.679024687222
207,residential,9433.279118523647
418,residential,410416.27686880104
94,residential,59160.21767461352
178,residential,17689.611173569894
12,residential,107087.63205055693
213,residential,40701.64365273561
180,water,257689.53047611046
180,water,409071.4547277312
211,water,121579.3212212167
180,water,139588.33564866224
180,water,73519.88552684577
429,water,148.97043226640196
107,residential,30332.319511672828
107,residential,49302.78319413146
129,residential,86185.98679879325
178,water,399.71318677032576
418,forest,878867.4134013122
418,forest,1795194.9161486565
34,water,87.06480429182399
40,commercial,7919.95949663327
184,residential,25537.21248726046
183,residential,146039.27489540365
418,forest,1827.3442488546993
164,residential,199358.16982112243
177,residential,17862.956529851108
225,water,233.91580257106597
60,water,9979.932464951029
37,water,19334.10513172182
14,commercial,164.73443907985097
27,residential,550.9637745464411
459,residential,641.3436734060476
27,residential,528.4369466240503
168,residential,4585.730089057995
168,residential,73325.4749256561
4,residential,436049.9701748135
16,residential,67904.32570518585
74,residential,207462.36627360724
74,residential,23241.29794496933
103,residential,4464239.5388373155
442,residential,201273.2317435275
441,residential,70925.17406888324
6,residential,500839.5786366511
6,residential,1627467.5601236322
225,residential,36132.32357053693
236,residential,65517.48867120394
92,residential,70194.62062124812
92,residential,144308.62852255622
92,residential,156091.54740951542
211,residential,77019.07847647295
367,residential,103408.30259175514
367,residential,102437.4291490405
8,residential,42892.32893505192
8,residential,64930.73545205456
8,residential,538052.1249394725
7,residential,701619.3141055385
103,residential,3112043.5159107833
92,residential,92978.48702217801
92,residential,202163.65245841586
75,residential,45947.87601974516
75,residential,199728.16141332925
75,residential,31517.67570861614
237,forest,19283.943847989605
82,residential,438216.75171026174
12,residential,83387.1901043609
12,residential,228172.65375346932
31,residential,37456.74014949405
75,residential,751317.2230240665
75,residential,31702.540035621085
75,residential,60159.81924023209
77,residential,91529.99405061423
75,residential,139971.19243529724
75,residential,219435.37294219396
75,residential,400570.7245011792
75,residential,361731.85729240894
62,residential,864925.3480029023
75,commercial,3775.6370155702134
57,residential,53310.71192490285
57,residential,126569.62560313409
57,residential,167278.83773746848
129,residential,101634.07012511195
75,residential,449995.0294019579
57,residential,535470.6832022024
73,residential,1360544.1650166148
57,residential,1415.439013888415
380,residential,21639.28856208993
60,residential,296997.43009805604
380,residential,150107.91079207975
98,residential,162173.42573902264
380,residential,353533.5278286948
98,residential,336715.5357352781
380,residential,25157.382719151603
408,residential,1278620.3724709242
136,residential,243815.02718733106
176,residential,98957.15658861578
170,residential,559971.1318018857
100,residential,15596.7970279195
96,residential,422837.9616969669
101,residential,389813.3540244072
176,residential,4136.529174065068
408,residential,1662279.0630522976
408,residential,27531.266092192596
263,residential,85040.90354142911
422,residential,164439.61411007016
263,residential,178711.3025954105
263,residential,32011.807646580954
263,residential,28536.587428059865
263,residential,54461.053430616885
263,residential,89514.22230866094
422,residential,81070.50643397591
263,residential,52777.51781212837
263,residential,119133.99991223341
422,residential,161096.3468953531
263,residential,18167.932228250607
263,residential,34069.78297203042
263,residential,451580.55369094654
263,residential,292417.8894832069
263,residential,260364.83076823753
168,commercial,6204.05155043062
186,residential,68787.22284185205
27,residential,498801.0809075498
129,residential,194945.5429652188
27,residential,291101.82049192913
129,residential,11257.630542554845
27,residential,112889.62954756734
26,residential,574300.0669095356
32,commercial,42271.54191511418
32,residential,56843.03573653169
32,residential,74099.7462746412
32,residential,25119.68346989007
32,commercial,29070.197369666723
168,water,180.60764803225035
255,water,49273.836471844465
251,water,54259.5600206943
36,water,225.67723550067723
37,water,1104.7690881366852
57,residential,1618.8194897347792
57,residential,22637.728026104553
57,residential,24807.475204952505
57,residential,6432.714118240393
57,residential,11639.245190217272
57,residential,557898.8842063912
228,water,1740.040371441266
189,water,202.39080610904142
189,water,1038.1149607409811
94,water,196497.84549309002
189,residential,49963.993548204824
101,commercial,6621.770429185174
2,residential,45454.350585414104
91,commercial,620.2183053641779
345,industrial,6487.026332255574
408,water,1773.8900390752149
408,water,245.23013470157636
280,water,123.54943372094667
32,commercial,16383.650218242508
431,commercial,89158.00266620696
432,residential,79221.44074518715
373,industrial,573347.616643371
12,residential,62372.92325086311
12,residential,17148.0628018305
35,water,946.6750788714119
35,water,1598.288534528552
12,residential,38856.809870696554
100,commercial,816.3046768953162
432,commercial,34475.95381160967
349,residential,251437.73606403673
460,water,229715.88733126773
12,residential,74471.63063900771
408,water,3419.025982428389
12,water,21056.911464907156
432,commercial,77556.26300552001
279,residential,160050.33464801832
392,residential,13700.504911191205
92,water,48360.495469279726
450,residential,50667.844088446946
392,residential,24565.04786495695
392,residential,16544.05696616308
392,residential,27873.38720764586
392,residential,12901.776416758628
392,residential,77155.54062077128
392,residential,113811.97288335515
349,industrial,1210435.5625096892
349,industrial,40480.30349261848
349,industrial,21120.533992032746
349,industrial,43878.36247875157
349,industrial,45149.698508334695
450,water,47758.16204485977
93,residential,123532.02644264342
92,residential,124169.44525159326
14,residential,11133.428751552263
33,residential,31726.594473209287
33,residential,51051.844458185114
33,residential,117029.1460491564
153,residential,78626.4024407758
105,residential,84476.11112832966
104,residential,60513.95762176219
104,residential,2979.496702074929
41,residential,100509.03569172288
79,residential,36439.29847358946
41,residential,130724.15514536062
81,residential,40811.16729905173
154,residential,173232.2702662622
81,residential,1721.3718171548398
81,residential,215851.8947727594
80,forest,9564.032571040261
108,residential,41065.78647404955
108,residential,161770.2984783273
108,residential,26690.56772071193
58,residential,146728.0727092592
58,residential,85150.55253316679
57,residential,29936.63443772651
58,residential,90155.8000718437
81,residential,122592.40494590947
41,residential,6363.72280471462
81,commercial,42143.93092149112
81,residential,3873.2115915997583
81,residential,2076.9204497223122
81,residential,16623.241244256937
207,forest,122764.41937269877
432,commercial,4985.431492750864
190,water,103327.98346262575
255,water,141.35657486726456
204,commercial,4702.2384828776285
27,residential,8965.010291995
190,forest,6896.974941838251
43,commercial,1541.2684840259062
212,residential,306417.6523597252
20,residential,22457.850461770195
54,residential,4217.428944147297
183,water,8838.159912784291
168,residential,1748.1850103870156
187,water,114.4774091154112
126,forest,3281.4123573801908
126,forest,2174.2357749652883
126,forest,1673.316208154046
126,forest,1296.9365868573898
126,forest,898.3131528930678
126,forest,1981.3823745422546
126,water,111.00101714656877
424,residential,117.22738783435155
4,commercial,151.45522759128622
425,residential,462.8622263479373
425,residential,268.8833413633719
213,residential,89953.53905876413
221,residential,53457.98579596392
219,residential,47999.7259620847
168,residential,83296.02374217875
261,water,1516.6067058527794
264,residential,35102.13360327567
12,residential,17053.58454304834
138,residential,12848.367668061257
94,residential,99535.12456693062
94,residential,112436.01041436076
50,residential,44695.56992083748
432,commercial,3521.9925000388184
207,residential,58573.74387392424
431,residential,10592.672043521252
418,residential,20973.136485421852
431,residential,12403.598542968944
431,residential,10599.431102714901
175,residential,17074.433958608737
228,residential,12359.787395029176
177,residential,74887.45702939847
207,residential,46023.81595999943
184,residential,98902.9715053375
432,residential,8768.329672256765
177,residential,63422.498715746064
406,residential,87915.35065073075
432,residential,22962.817996099922
431,residential,7509.846527245829
94,residential,37417.01210671525
264,residential,66682.49289163463
168,residential,71676.78099889046
189,residential,15550.512591098784
190,residential,57885.65965194069
184,residential,27159.920665186262
184,residential,14209.318283139939
207,residential,16241.078387350624
431,residential,3520.8138990327047
181,residential,29674.080258599904
95,residential,30234.105057444718
168,residential,21846.7483136947
138,residential,17139.267067300374
184,residential,32955.24072838581
190,residential,32719.216204025237
18,commercial,14375.432142907188
184,commercial,1032.5662300390914
184,residential,40408.52633043526
431,commercial,16124.058826065582
431,commercial,31969.556110940543
460,residential,4133.0854751204315
168,residential,21556.67533217601
431,forest,7876.275297291215
58,residential,6009.752738262993
107,commercial,73352.5349523088
107,residential,1516.7211340965202
207,forest,39241.31385266402
431,water,6964.19427061283
431,commercial,169.39682343506115
431,commercial,373.9692633693638
431,commercial,154.97526059811065
431,commercial,161.75121333527153
431,commercial,145.59430145134144
431,commercial,166.19947750015484
431,commercial,207.73810883607678
431,commercial,295.79909371839625
431,commercial,665.342568177304
431,commercial,224.8804012432368
431,commercial,168.078594308854
431,commercial,427.63973180593564
431,residential,121.10825053047512
431,residential,102.06479800911939
431,residential,129.54524944126302
431,residential,133.4920622595985
431,residential,170.13081146515455
431,residential,144.990832282107
431,residential,119.06834705064847
431,residential,135.01599034140358
431,residential,203.4053467117417
431,commercial,1738.9326680013974
431,commercial,302.9106218564189
431,commercial,170.5778516513217
431,commercial,255.7082293144498
431,commercial,273.44210742361565
431,commercial,520.3888288771827
431,commercial,234.22903297359147
431,commercial,219.8657350468248
431,commercial,188.87285078399978
431,commercial,240.93114992052097
431,commercial,264.6378122836423
431,residential,365.3284529624851
431,commercial,255.91859778862607
431,commercial,250.69421990699993
431,commercial,795.5599664370958
431,commercial,1315.8137630970266
431,residential,433.25444892729365
431,residential,314.0964743340725
431,commercial,349.480283719318
431,residential,521.7114089823036
431,residential,2405.511684154849
431,residential,1106.2627565995404
431,commercial,643.1708436591749
431,commercial,432.9089137281524
431,commercial,588.9896571162701
431,residential,733.2711386172365
431,residential,1196.4206249524627
431,residential,1271.5015884624645
431,residential,378.5836770777531
431,residential,304.4319078066219
431,residential,308.1144892453244
431,residential,2788.731713278492
431,residential,4915.459000005926
431,residential,1255.6061366730676
431,residential,1488.4807565578817
431,residential,1169.1701855112933
431,residential,1003.4677714162049
431,residential,1417.8007754022176
431,commercial,1869.3688015156667
431,commercial,964.4724604058727
431,residential,3428.3519251560065
432,residential,6051.287210678742
432,commercial,3122.8547552092623
432,commercial,1622.9127107421816
432,commercial,8490.81438787912
432,commercial,790.2650882924811
432,commercial,1646.0469125258628
431,commercial,914.0667628678152
431,commercial,2929.763017464452
431,commercial,632.8383065102644
431,commercial,582.3401782948945
431,residential,992.8988265508115
431,residential,2099.9821094260087
431,commercial,1664.0655141340576
431,commercial,91.3632616419319
431,commercial,299.82965930438286
431,commercial,195.35593793134427
431,residential,213.9692269863672
431,residential,633.2343309489627
431,residential,1206.2555720537218
431,residential,4610.671103681254
431,residential,693.5715062711614
431,residential,735.0554617803019
431,residential,967.188485007933
431,residential,986.3640326551641
431,commercial,428.077391484006
431,residential,1085.883313458075
431,commercial,335.7477466250253
431,commercial,386.05173031020934
431,residential,1957.8619421501448
431,residential,2009.8335663189491
431,commercial,3144.426137140791
431,residential,1035.6225910723185
431,residential,411.42131219210864
431,commercial,549.0268631020318
431,commercial,863.6435354877005
431,commercial,361.3970853950974
431,commercial,473.9619959576896
431,commercial,451.7635736660618
431,residential,422.4057676016966
431,commercial,471.9524530867548
431,commercial,741.3672240773197
431,commercial,897.7283107723864
431,commercial,1917.0986514132105
432,commercial,884.9917869035814
432,residential,950.0713490230739
432,residential,1991.7120104364776
432,residential,1887.0679276030714
432,residential,955.8403340774022
432,commercial,1037.649570506649
432,commercial,1094.3631990914582
432,commercial,1041.2474095213938
432,commercial,1374.1216292863094
432,commercial,1427.537211080385
432,commercial,1061.0301322381522
432,commercial,499.9535705459112
432,commercial,935.0556916751696
431,commercial,780.3158581020499
431,residential,1040.8513176886001
431,commercial,502.49136120975334
431,commercial,260.4214202096316
431,commercial,456.2744212460163
431,commercial,445.2084660303892
432,residential,1180.3940142375732
432,commercial,470.88513554461946
432,commercial,1141.3180503101362
432,commercial,1635.9963424721761
432,commercial,820.2710908487854
431,commercial,1286.0734825438371
431,residential,2160.9323818294006
432,commercial,964.09212079169
431,commercial,2356.835190188392
432,commercial,442.3582738677253
432,commercial,368.1103769470448
176,water,328154.0464064852
184,residential,133.6364440634739
184,residential,313.42494206920446
442,water,114932.84099728546
190,residential,22882.747737047728
168,water,69999.98007127387
168,water,1646.3635629060589
279,residential,36560.67195074213
18,commercial,6952.922014677553
60,residential,54596.23318918959
60,residential,37225.05973587558
60,residential,365366.3614263186
60,residential,90389.9613859123
60,residential,24584.994020466933
380,forest,27537.355502497674
60,forest,9523.744348341655
60,residential,1088804.198044533
235,residential,55274.75363377677
207,water,210414.27015350372
207,water,26809.3812096757
178,industrial,1872.1816868629119
392,water,61971.03663612382
207,water,10.580059292076456
35,commercial,285.15115795598314
92,residential,46580.07275687159
92,residential,29401.65119763535
92,residential,66205.8724430784
92,residential,19293.262959337233
418,water,20011.18479511811
27,residential,3551.329427686256
432,park,20620.618115016
12,residential,33713.92558154439
158,residential,55516.355717886145
418,residential,18079.905038538258
16,residential,248505.0711862106
213,residential,10658.632120384998
213,commercial,4003.2044763198865
273,residential,12344.778780862234
274,water,273415.80141127005
273,commercial,66426.7840208178
425,residential,7904.5932323609595
425,residential,121396.52867038362
212,industrial,16530.636027526092
212,industrial,65860.14915292636
52,industrial,163829.42423953948
52,industrial,35240.62411431615
52,industrial,48991.84116980546
25,industrial,205195.63482004582
4,industrial,598286.5872652038
195,residential,72307.93092128806
211,residential,76507.40343342033
175,residential,8575.881831597173
195,residential,29447.862875124574
195,residential,61707.834305232864
202,industrial,21071.030027728048
459,residential,9374.138967209194
83,water,114.01785419733248
82,water,18919.47795677655
20,water,11873.565506962559
91,water,16035.592326786906
138,water,5211.755259432295
168,water,20902.93421237838
122,water,12731.727003458536
189,water,6893.825160571799
189,water,50115.31892553195
184,water,15899.29540755246
225,water,17248.159929205143
213,water,5404.510163374744
184,water,61395.40195248786
20,water,23509.75178537258
184,water,6986.154923463926
183,water,22595.990317962976
184,residential,12654.561579201598
431,commercial,12393.38072452959
431,commercial,927.3636306437763
188,residential,217616.1308139411
168,water,1797.356085923047
408,water,3817.947746322454
183,commercial,2703.587139956342
207,commercial,1428.5751103772782
207,residential,244.39666320826856
35,residential,57.84807293280382
35,residential,39.268606975521834
187,water,104731.58216686363
211,water,176606.66030992867
459,residential,626.839627258353
187,water,117453.91593834176
187,water,105363.86754478095
431,residential,69456.22136861017
207,water,2135.0555054934184
207,water,960.1226432513513
207,water,989.4474847530386
207,water,3622.113052946532
207,water,2328.0382698737008
213,water,7166.297072962378
184,water,7847.507293668422
170,water,10054.233792295703
247,water,852.3502060450242
247,water,28478.769787140205
431,water,26677.78605441357
183,water,9013.257199444288
175,water,34943.46131349012
168,water,15472.131593576807
168,water,25919.689004973327
171,water,4492.98257004303
170,water,2810.3069280913737
189,water,97430.25740501989
137,water,6183.502856380935
212,water,41951.503291099834
237,water,504.2047719185543
92,water,5948.79507358623
431,water,5295.203318921631
237,water,4260.703560983775
43,water,293.62243602341385
185,water,677.7281153962947
94,water,2227.502862774025
12,water,8602.67626034199
92,water,8310.187024445804
92,water,15515.7218537403
138,water,474.0083471298628
138,water,2822.9511010426654
372,water,99567.22188590626
94,water,4855.811144070418
225,water,67611.06238250746
225,water,39183.78638975093
418,water,198754.0569482476
261,water,4411.742302357099
431,park,195584.5575127919
56,water,595.3251267720648
56,commercial,2269.3632891469924
168,water,39809.18423783875
42,residential,21159.48985049545
27,forest,2769.4479877170625
56,commercial,763.4498618742298
237,residential,542095.8331714838
42,commercial,2889.946079502479
42,industrial,30533.890683458056
380,residential,112532.18764203835
392,water,612666.4594561695
431,residential,539.4048733363032
236,water,104.99071400495572
184,water,178324.8433522125
111,industrial,10639.343060147334
184,water,64764.91790257382
181,residential,3253.6888246262915
431,commercial,301.86066362164377
431,commercial,894.1541420588306
431,residential,24226.62399859818
431,commercial,1026.6050703066849
431,commercial,912.2716780254375
431,residential,24275.98024750524
431,commercial,2355.8637289874055
431,commercial,1192.7102266599165
431,residential,3113.174852796619
431,residential,703.8340886707144
431,commercial,1108.2602777755033
431,commercial,1491.1212101162125
431,residential,3008.676270984279
431,commercial,461.4249230041742
431,industrial,465.72949662460326
431,commercial,1316.4291910678946
431,commercial,1341.9676844512596
431,commercial,1040.391379581966
431,commercial,1053.2129333676978
431,commercial,1733.7061720753018
431,commercial,783.4844795319133
431,commercial,4783.107206005437
431,commercial,4766.081962466353
431,commercial,4940.700213108054
431,commercial,1225.4388918662498
431,commercial,7363.1751992069185
431,commercial,2552.3302047404004
431,residential,1475.819288564614
432,residential,913.3428455190058
432,residential,2253.0648379931476
432,commercial,1559.8353276251203
432,commercial,1416.2702710926235
432,commercial,1237.9146163367952
432,forest,14611.323990837169
431,water,811.9125498123685
431,residential,3155.6423581918116
431,forest,37451.45048585935
431,commercial,1196.4035226386636
431,commercial,2071.6856445378035
431,commercial,737.02166417681
431,commercial,642.896620817047
431,commercial,523.8044227374431
431,commercial,1612.1342428292116
431,commercial,502.73757346945126
431,commercial,1134.5786686312106
431,commercial,641.4921724010437
431,commercial,296.1969387785284
431,commercial,922.2933716910095
431,residential,37435.47717313372
432,residential,1350.02817889874
184,residential,11175.146459952633
192,residential,4222.481976571794
419,water,18177.16312817582
225,water,8259.714905206878
266,water,7138.301937087883
266,residential,43800.56315725887
266,residential,77576.65570769574
237,water,873.9428496169131
261,water,6265.6169985234765
261,water,40924.2536833576
237,forest,17285.092900889842
237,forest,8144.290888850582
237,forest,780.2700826446663
432,commercial,22733.255024709353
207,commercial,20133.27742981511
116,residential,96223.60996110093
225,commercial,19064.53036517813
228,residential,28069.990330080185
12,industrial,27228.911742896584
12,industrial,12536.383477700065
12,industrial,5046.576374708406
30,water,31972.171478445747
30,water,470.04581317012355
30,water,30252.21831624079
422,residential,42703.26696754906
422,residential,57338.94617372761
422,residential,17322.605575437166
422,residential,25014.81256645778
422,residential,8356.25940310212
274,residential,32110.61675622891
273,residential,50107.85155484056
182,residential,17857.287989994766
182,residential,18336.604209913356
182,residential,180380.63721717865
181,residential,8820.257535295987
182,residential,24986.324334742854
408,water,814.6720827941812
408,water,2463.0892023247166
408,water,566.7865196281706
91,residential,11749.664460991344
91,commercial,590.7144333568875
91,residential,16158.545053163118
372,water,77158.10188304502
251,industrial,281.3813481382216
18,residential,211.67376013406385
91,residential,59665.61957778273
91,residential,1118.4708841223737
91,residential,17289.453447212087
188,water,21679.654037665638
418,residential,29528.601134009343
279,residential,30878.081212117937
279,water,58664.85805848614
279,residential,246252.37386481947
279,residential,90668.70000290548
279,residential,9693.452891755232
279,residential,3049.600430966985
279,residential,12867.76558026471
461,water,13489.056591206954
213,commercial,45956.84042383531
279,residential,92972.14933423982
279,residential,18518.663868799173
12,residential,13383.754883630581
12,residential,27066.566014039803
12,residential,24958.18857452182
12,residential,18452.17017481781
12,residential,12016.145384018739
12,residential,46494.08510158607
402,residential,52413.95759260325
12,residential,43966.17891054256
12,residential,46167.904054741266
12,residential,16110.108784262098
3,residential,4319.351403629349
279,residential,93077.46568924622
279,residential,35601.92454564293
3,residential,18038.525884477527
12,residential,52798.93149130693
12,residential,29029.073451619817
12,residential,88529.45316579772
279,residential,16982.37614612443
3,residential,21098.833147734862
279,residential,8326.160688001288
3,residential,71985.43520144648
280,residential,24618.250095785737
280,residential,22001.17096454816
3,residential,20455.24576506937
3,residential,98240.05638285444
3,residential,83705.21093333287
266,residential,97251.68596968369
266,water,85779.4786279034
3,water,77350.56892385635
3,residential,19657.158429385214
3,residential,38485.794216061004
3,residential,129687.11780694191
3,residential,34660.45693960975
3,residential,31252.570742434687
279,residential,16536.59346566259
279,water,10325.567201396572
3,residential,3280.369712068116
3,residential,5767.334310149799
3,residential,8460.456256493317
279,residential,5592.879202396075
431,commercial,52973.4994382817
431,commercial,19491.44772138906
349,industrial,73909.21268538981
349,industrial,45580.37591639296
349,industrial,4471.900124063063
450,industrial,12120.465658333738
443,industrial,89197.49543752741
450,industrial,19205.187493030593
57,commercial,102.45428695635498
432,commercial,36624.75609418421
418,residential,38571.25771752462
22,water,1837.2776082667365
419,commercial,1684.7465645407267
418,residential,17277.80309151859
418,commercial,1426.6769774626118
184,residential,2029.3608497814719
184,industrial,55537.183718956694
184,residential,22701.01465550832
184,residential,25388.666442472626
184,residential,20417.283420436448
431,residential,45454.48893678349
372,commercial,563965.281820569
372,water,53909.316785369774
431,commercial,38701.87999212756
431,water,21.340005784929307
431,forest,75.68122022133122
431,forest,69.82792738353477
431,forest,347.3365705478587
431,forest,834.7364562552873
431,forest,519.496446725754
431,forest,385.9253033773837
431,forest,95.12462608041957
418,commercial,282621.6642672186
431,forest,3734.0483296686443
431,forest,440.49487944433287
431,commercial,58371.60946500211
429,commercial,24868.38082059219
435,residential,18599.050639961613
431,forest,361.0732473943404
373,water,6067.222845481791
373,water,1491.0918677255274
418,forest,13648.186986163842
51,commercial,2407.3844334859664
373,residential,16101.410036228111
373,residential,78238.96920547882
373,residential,55146.91121556679
373,residential,60800.93226953376
373,residential,70998.39322599344
373,residential,33485.20602937551
431,residential,18781.561594434257
38,forest,1495968.6582802078
38,water,4607.263657389514
38,water,29006.52945544471
177,water,830.7555871132533
373,water,695.4480970850486
373,forest,906.8356122758997
177,forest,6596.479128779118
177,forest,44394.41114220916
373,forest,4552.147462725275
373,forest,4419.841405826347
373,forest,12009.662960518748
373,forest,16914.337959543467
177,forest,12650.634385504782
207,forest,49791.10215879429
207,forest,45408.961968813725
207,residential,29404.663425648552
207,water,125.73245947782232
207,residential,46621.09956493694
418,forest,27083.188933324527
418,forest,72449.29728744505
418,forest,56917.188592790546
100,commercial,45464.63778850802
372,forest,595.9999096980257
177,residential,211886.4626795912
177,forest,3468.9774264793477
225,forest,36522.71695908209
175,water,2434.073746517853
175,water,1527.8660690965037
175,water,3806.8817677648663
175,water,4098.864232259567
175,water,10772.661101348724
207,water,1916.8175426932726
207,water,2073.614096354445
207,water,108.52821575762289
207,water,1126.8655637336728
207,water,50.06206338918491
207,water,70.62275765361717
213,water,3173.196964231807
175,water,874.0547721764289
175,water,1974.2612007183163
213,water,11559.600586783414
12,forest,187.45600112839122
12,forest,182.1937149145381
12,forest,70.25126710928502
12,forest,50.42150165575159
12,forest,78.02728607527749
12,forest,84.45432005483941
12,forest,1599.5510319437108
12,forest,122.60765178105079
12,forest,117.5187588800803
12,forest,122.70605911099669
3,forest,297.5730687231994
3,forest,342.143226191853
3,forest,273.65392754885823
3,forest,374.1052175280413
3,forest,472.0909106264071
418,residential,15398.51971151529
418,commercial,1871.7093342986968
91,residential,63.49539496564979
91,residential,177.7777142477713
91,residential,83.58409737788878
418,water,28852.39591759737
418,residential,41559.87761480273
213,commercial,43241.826276778396
94,commercial,422072.7924980463
168,commercial,4481.995879506184
223,commercial,19584.032787841854
40,commercial,5324.8302811224385
40,commercial,9035.613439310768
183,commercial,6622.766744318889
51,commercial,6534.264097230295
429,commercial,10344.83310300147
207,residential,3342.4520181663947
207,commercial,17680.965193912183
193,commercial,13510.503725830638
418,water,967.0337024001649
418,water,2389.982150356482
418,water,1185.1888194308808
418,water,4771.299279111079
418,water,3859.995000918784
418,water,19222.15989339941
418,water,257.3970531686788
418,water,1151.2851266191585
418,water,1968.8880742232327
418,residential,7540.638683403469
418,commercial,2151.0861076006277
418,residential,38595.62178948046
418,residential,5161.170611469349
418,water,214.50956906536956
418,residential,26335.87716244712
184,commercial,2218.5018947267804
184,commercial,3989.9601653407885
184,residential,7633.386533498908
192,residential,104.44342020974536
192,residential,65.89927263787509
193,residential,66.01752450316643
192,residential,155.5374489290549
418,residential,717.5643210037379
418,commercial,776.9483271828003
418,residential,25548.068660035526
418,residential,6029.331623070367
183,residential,65700.39070644937
183,residential,1290.535169365279
183,water,670.5799589090032
183,residential,251.25961760864354
175,commercial,3850.3207602809866
175,commercial,10664.340816205666
431,residential,18838.78385487486
94,residential,73244.95131556138
406,residential,30701.740182356225
70,commercial,14963.974578011681
70,commercial,11644.812724427842
429,commercial,327.61159106792616
213,residential,46371.08459482045
168,residential,7789.152573080768
167,residential,8917.097959641118
416,residential,10386.240362401819
425,water,17155.57971370878
247,residential,47582.01987391343
432,residential,17664.3241126623
168,water,505.5599746285134
168,residential,81900.44242869146
184,residential,6623.830358967716
57,residential,1643.6630162633105
415,residential,100116.48233738574
32,residential,7356.281745619407
32,commercial,400.21977233061205
168,water,68096.79343266883
213,water,42068.997171147814
168,water,28178.68643871562
418,water,30374.7097538253
418,water,5779.555492161842
2,residential,3714.7169289325548
2,commercial,9737.220476530867
431,residential,2946.5678776606337
418,residential,9331.912927257705
180,industrial,8767.432019557204
211,water,2811.1569337189258
180,water,10270.0323889516
211,water,10950.482793670408
373,residential,20985.00568911224
373,residential,42394.325419037385
373,residential,14146.787651157507
373,water,192855.27843009873
373,residential,187270.09914609388
373,residential,36776.68792609997
372,industrial,43150.10860798639
372,industrial,13747.504736649982
372,residential,39965.146444530765
455,residential,211440.8212690303
455,industrial,963061.9191249304
91,water,147.14620424467742
418,residential,7374.046093897947
418,commercial,224705.77068020558
92,water,47.14112416748712
92,water,3111.6897079427076
177,water,75888.53198734822
190,residential,13974.470584345705
247,residential,4471.761934223914
388,water,58227.82257196325
390,industrial,28868.68947204436
388,industrial,49960.10719006125
351,industrial,17911.2650283349
351,industrial,11021.260736177826
388,industrial,10550.174957636367
389,industrial,36033.53091164552
386,residential,27451.645179977884
386,residential,8337.42744305871
374,water,14231.312371236578
373,water,27734.272507726502
372,water,46809.18801957284
206,water,63953.307630424
42,commercial,185.66798614709882
38,water,69685.12470538403
207,water,2551.8722626596536
177,water,52894.99783009225
168,commercial,397.5934791206208
230,commercial,564.4365901963017
30,commercial,703.4995903546492
168,residential,605.911562030751
236,residential,361.10317923275886
459,water,309.86580480437436
211,water,299.7180227938752
429,commercial,4617.9966744017665
429,commercial,22125.60210885513
429,commercial,1877.871338532514
429,commercial,143.0778017236833
432,residential,1046.0564096050239
404,residential,71585.7407021151
455,residential,320198.4519965237
168,residential,104470.14467395672
168,residential,42084.905551516094
168,residential,177895.67488713987
455,residential,182820.45655456054
455,residential,475198.28141263634
2,residential,93913.60003424833
264,residential,38586.81698468993
273,residential,28241.96096501623
431,commercial,47403.31700710897
431,commercial,34950.35214019886
175,residential,8664.889975516442
266,residential,47392.71997781152
266,residential,36863.16106481765
423,water,41461.2133050328
264,residential,49412.71024955261
404,residential,34061.086994322824
405,residential,53132.482704987706
405,residential,38803.19890361852
404,residential,68175.77594530574
276,residential,8774.98243901252
213,residential,71058.96384588505
277,residential,5336.522258608492
277,residential,88796.84885670207
214,commercial,32910.01054477945
213,residential,91691.51074969102
425,water,354.97659225246923
425,residential,245.58862957004493
425,residential,161.5654305127182
425,residential,317.1232682431059
425,residential,344.02064213759786
425,residential,323.08312625401044
425,residential,349.6331164605562
425,residential,258.6221360979399
425,residential,359.0088723122752
425,residential,258.523369399884
425,residential,199.88702863518822
425,residential,198.55745056973097
425,residential,140.32610670282477
425,residential,129.5380148500225
425,residential,160.83800251511428
425,residential,163.47558776336487
425,residential,148.4045034884007
425,residential,278.18880445162574
425,residential,407.29513053251236
425,residential,232.3890470441774
425,residential,255.9192764500636
425,residential,178.44055092001935
425,residential,177.17154180444817
425,residential,368.25672702263495
424,residential,227.26471274733365
424,residential,213.5549249404355
425,residential,228.47259961290902
425,residential,225.99517204538392
425,residential,258.771557472668
425,residential,116.63040232284455
425,residential,148.15868312737297
425,residential,319.3804025538363
425,residential,515.8780001422758
425,residential,220.40949294205296
425,residential,245.33864916504308
425,residential,121.30976924857214
425,residential,413.4732819156749
425,residential,428.7475848010074
425,residential,677.2257292451873
425,residential,298.9276625442892
398,water,124.30180203822013
398,water,63.363562775019616
231,commercial,18115.00879292801
18,residential,59836.06154829586
391,residential,640005.4446678979
391,residential,740283.4127476362
391,residential,216888.1345258336
391,residential,236555.1130809784
95,residential,15050.596925972159
429,commercial,4916.179502708819
30,residential,5022.36103594127
20,residential,9987.049927242511
175,residential,5933.107034354492
27,residential,421.56746933767784
27,residential,1431.3433288908323
40,residential,90.7565536448079
40,residential,38.108409530262705
40,residential,77.81804845355667
65,residential,26.913363517880782
65,residential,33.973880953852
65,residential,36.280627426453606
184,residential,108.18460633633279
178,residential,296.0004418412381
178,residential,147.60455469762718
430,residential,124.2868818757556
430,residential,91.04976224514853
430,residential,76.04873115376478
430,residential,56.629154585205136
430,residential,61.53911041358413
430,residential,112.22604834152504
430,residential,190.01788500942854
430,residential,163.14761755634657
430,residential,96.56369736760226
430,residential,88.69905502617004
430,residential,159.46788274648682
429,residential,287.40003710214387
429,residential,169.2051901713401
51,residential,557.2923847411535
51,residential,117.39841379155382
429,residential,151.76811422801956
429,residential,78.83907390999839
429,residential,163.9197888120452
429,residential,151.56409227542792
429,residential,209.05570700782857
255,residential,178.84917472289058
251,residential,136.1384752031008
255,residential,270.78410696545507
251,residential,214.88445694521198
251,residential,155.2378117668973
251,residential,142.35302888224209
174,residential,7872.34922641961
431,commercial,122623.56652197626
431,residential,16076.230393892047
431,commercial,5686.725488910744
431,commercial,8390.22681607456
431,commercial,43486.93039882282
431,commercial,9312.379682144881
431,commercial,47545.680781610026
431,commercial,9451.215752196382
431,commercial,14890.617043194248
431,commercial,56342.86417631283
431,commercial,31470.64831673612
213,commercial,68853.91546920095
213,commercial,16831.99430328555
213,commercial,44901.60297848011
213,commercial,38369.65567841812
213,commercial,22082.554877813014
213,commercial,4427.627772007796
213,commercial,9942.460325077442
215,commercial,40066.886991915235
213,industrial,6710.04915448652
213,industrial,9066.158843893112
213,commercial,23420.514280694893
74,commercial,58349.96603996816
394,residential,42702.861460082175
7,industrial,485.5709254372374
429,residential,7932.977554414611
51,residential,3000.3520672793898
429,residential,6234.331671466963
190,water,121981.8236394365
97,residential,1686.0023228906336
3,residential,7556.947030061513
18,residential,424.446641105904
450,water,76.20750993519158
450,water,82.8635440686652
38,water,8597.118131078145
231,commercial,49711.1144964981
384,industrial,4401.654748402043
384,industrial,3830.9250387792727
134,water,680.7056526054471
38,water,3921.63626421255
38,industrial,33507.297242949055
12,water,1526.3385728083765
391,water,260360.01772055135
388,water,3365.9990952757753
373,water,139.8994630811893
373,forest,54950.45010066566
188,water,146988.59636458464
122,residential,22513.753043898545
431,residential,24307.30009797563
431,water,4278.8385118033475
94,residential,13396.355522475309
94,residential,12561.029290261566
44,industrial,38338.4325248525
190,commercial,3084.695272977717
190,commercial,989.9801187805316
404,residential,22159.298290999464
264,residential,27158.353948068492
264,residential,20046.89022542703
264,residential,14709.357480423194
264,residential,20366.578552610863
268,residential,32808.57357978879
268,residential,416051.7276738639
265,residential,20210.3236005785
268,residential,26402.021245411062
268,residential,28626.107253473536
268,commercial,10773.793519035647
268,residential,95681.32523334995
268,residential,145542.5678159793
2,residential,26532.619996689136
2,residential,40827.189129749866
2,residential,91184.42260341742
2,residential,18940.712907426558
2,residential,28168.982586808008
404,commercial,9682.867030538056
404,residential,98979.90354309062
429,industrial,3350976.5937048215
234,residential,793587.0205097097
168,residential,51570.446505933476
168,residential,96472.1510107638
168,residential,45666.0943005076
16,commercial,170641.0561193221
16,residential,25851.574599477135
16,residential,55070.01453448034
16,residential,153591.51629797748
455,residential,373927.1023057948
16,residential,121302.63045138394
213,commercial,17287.502115978084
213,commercial,53847.65366094823
174,commercial,9544.705722639452
174,commercial,5726.03738027372
174,commercial,10445.333070396162
174,commercial,10071.83800977543
207,forest,3600.457661432312
81,commercial,54087.982798868085
404,commercial,18204.49836081965
275,commercial,6909.686261703731
404,commercial,23926.11037667465
404,commercial,3216.993570990181
266,residential,26145.335381347362
403,water,76265.08370467954
405,water,247.61092636199257
405,residential,17973.571498417088
405,residential,73371.36350375922
423,residential,19127.08754168128
423,commercial,15830.885316029147
416,residential,19615.56524279807
404,industrial,32951.32076557185
402,commercial,9622.190292665398
177,water,17443.33892689275
177,water,8838.88639663716
184,industrial,1062.295996756262
184,industrial,1685.1445616538062
91,commercial,1710.5527419364287
91,forest,26784.318653558155
183,water,39678.50628373441
126,water,79889.4192934979
373,water,122017.42631878934
205,water,198292.97132586304
180,water,158473.01294094225
418,water,575.4496078531548
237,forest,15926.64788469639
178,water,225.8115713538502
211,water,3425.7521323820197
187,water,1232.2756707856113
187,water,1150.439122604417
94,industrial,729.6230109896804
94,industrial,204.246673090765
94,industrial,283.11912212109735
94,industrial,82.53752282801379
94,industrial,401.05980567102733
94,industrial,123.95543252414723
94,industrial,144.4375601197648
94,industrial,174.6965641357903
94,industrial,133.1280761779406
94,industrial,248.7270836213606
94,industrial,125.62823107264646
431,residential,23370.49770119936
455,industrial,453830.2540300765
18,commercial,171.68051933321226
460,forest,13268.844811311283
460,forest,103845.02576248995
460,forest,177.29767352246495
460,forest,156.25870749863867
460,residential,1227.1877698746314
460,forest,62.26202778079677
460,residential,6693.149131375619
460,residential,3756.564756512619
460,residential,884.7100152681795
460,residential,2266.41131861511
460,residential,1676.1760216787488
460,residential,1283.2782374072358
460,residential,5101.281359509344
460,residential,292.1828609394046
460,residential,1007.1490890896772
460,residential,1842.3558819161606
460,residential,3118.3617292646313
460,residential,2971.248512398519
460,residential,1058.3946158884464
460,forest,2307.9696878387836
460,forest,891.610921796311
460,water,440.05109113830616
460,water,198.62157514746832
460,water,338.60586957349085
277,water,2525.4989289704113
12,residential,238234.99245231817
137,residential,6304.1164941360485
137,residential,5396.773000478695
248,commercial,1354.7910190094785
251,residential,360.0402780139893
249,commercial,284.8173266831717
168,residential,4918.378169881939
18,commercial,7142.948669669842
18,commercial,42543.02752398509
417,residential,98519.88713699016
455,water,118588.11295476972
211,water,81.82148241428487
211,water,61.33006468239622
455,residential,32137.689988529917
422,water,7356.07460602236
422,water,845.0933803956674
211,water,189117.8611670969
454,water,1286.835881227563
454,water,1177.5854684427509
211,water,101.71068912460433
171,water,2208.5595167783245
171,water,94.99490756826363
171,water,482.03874952596254
171,water,1559.0664609091575
171,water,1057.1573838914383
171,water,429.6380162575418
171,water,1168.2954724158349
171,water,264.43007104829326
171,water,7531.789113985305
455,water,12467.335543033694
184,commercial,1792.0760397360218
184,commercial,1366.763846195853
184,residential,16179.685000557656
454,water,2478.4347214596373
454,water,3628.6137980644303
454,water,5545.448011037261
454,water,24.190061583245782
454,water,126.91505570506405
116,industrial,8451556.221569492
391,forest,15803.951304126394
31,residential,171114.33637112443
31,residential,25034.26051568902
213,commercial,70086.4900508701
213,commercial,13991.829479134187
126,water,13545.290986570883
138,water,66157.72745752272
20,residential,5783.192087444123
138,residential,49494.810140908645
138,residential,24943.602041018996
138,water,173844.17599683793
137,water,105884.17189693627
138,water,144162.77610275385
207,water,4837.462246541188
94,residential,12765.245210563717
183,water,4909.712521107797
186,water,28240.81064622335
54,residential,2110.5419937554857
54,residential,3714.424793385269
54,residential,784.5291727260653
225,water,150.09277295166
183,residential,801.2687996341818
183,residential,1026.9601583520134
168,residential,86068.47626057621
168,residential,117710.98247371938
455,residential,25447.01324094711
168,residential,69265.75918460422
168,residential,27936.009445220483
213,water,19755.877811565766
213,water,12451.02486952174
213,water,14108.181280200006
168,residential,345.7318866168459
190,industrial,75922.51381424878
190,water,64881.75737909174
187,industrial,74005.13257388046
30,water,240382.48017777124
30,water,447358.68371278007
82,water,148473.70670233056
283,water,55119.86640559738
168,residential,2212.8070164573373
187,water,34259.655902214945
188,water,145020.1755159381
138,water,53334.32419680784
91,residential,5597.496141667074
94,residential,51982.77140674788
37,residential,6335.34060728903
455,residential,801749.7654360828
349,industrial,1592086.0701900139
4,commercial,2675.8847633584173
349,industrial,110692.1651069237
348,industrial,22020.054294406473
358,industrial,1628.6919392190193
75,commercial,11223.622152424048
75,commercial,5171.354615868991
168,residential,38360.60784909855
7,residential,3913.631745683406
100,residential,26537.01747100217
100,residential,24097.00476349999
274,commercial,27076.162449247822
177,residential,19477.951346660324
236,forest,464.53074654989763
20,residential,13865.554956036774
20,residential,46586.527706846915
20,residential,20441.432766919857
170,residential,44316.09881473623
170,residential,10068.283166957406
91,residential,47976.85502642272
183,residential,10676.358901986376
20,residential,12084.94659785444
91,residential,8489.725668161818
406,residential,31069.138163108524
56,residential,21045.67783903488
418,commercial,3713.246036987876
43,residential,2365.111710417106
42,residential,4254.522098306879
41,residential,11555.333855365516
183,residential,63268.27998303063
237,residential,10949.708980819607
237,residential,5269.524140385052
168,residential,32777.06441993799
168,residential,12559.864223496985
52,residential,27522.70699196352
168,residential,7377.596775795277
168,residential,14585.73096615173
168,residential,3586.342760687332
168,commercial,15960.41775749877
237,residential,38867.90387169848
181,residential,2311.3130819923185
207,residential,22379.0145385238
20,residential,14690.802591390764
20,residential,10195.5312981244
19,residential,8055.522182626253
20,residential,15249.633618852316
183,residential,3979.7937519015427
432,commercial,43013.54040801208
186,residential,1517.7831649401721
18,commercial,4732.7321742800805
38,residential,1253.1763217135363
15,residential,4615.060015105022
431,residential,1677.1941375920612
20,residential,2712.1878986238216
432,residential,4287.722255847082
137,residential,17679.314501995806
168,residential,20052.091660617454
111,residential,5029.980884088558
20,commercial,30657.23489740162
213,commercial,13991.141222304868
373,residential,1458.217428866377
26,residential,1162.4453233220363
228,residential,2990.878449462485
183,residential,4352.807259989613
20,residential,21849.28472937436
189,residential,3834.778029469683
20,residential,2599.271113500835
60,residential,852.7407868093101
418,residential,1501.5497841100962
57,commercial,2031.8875509652414
18,residential,1505.6881189931523
91,residential,8055.830697296569
207,residential,1158.540982129388
41,residential,1076.9252073347075
431,residential,11266.21547400486
111,residential,1222.420303462665
213,commercial,9924.571969278491
90,residential,978.8868876885228
265,residential,1960.9864279612273
86,residential,2011.9957430407437
431,residential,1915.4852769148176
104,commercial,2967.95344968901
18,residential,9249.7334373647
137,residential,10428.565545947224
264,residential,5536.452568050737
247,residential,3521.295627291533
68,commercial,2222.909090729378
432,commercial,10193.282925404657
42,residential,9413.984086557606
184,residential,960.020695634738
207,residential,2960.7795594692984
37,residential,13683.949029051797
189,commercial,42792.483461914024
178,residential,6181.159626419452
27,residential,18246.01630590901
432,commercial,16300.81379002143
64,residential,4716.510451706734
170,residential,6575.068432215976
184,residential,6927.924619680576
213,commercial,21027.42442277465
228,residential,2111.9106532508467
431,commercial,5851.028747071691
110,residential,1224.5143529782747
170,residential,5243.839544297042
42,residential,818.6761347220203
38,residential,1126.9699880788753
57,residential,2058.072277083351
18,residential,4023.9046588853107
168,residential,712.6949012653826
185,residential,849.8567346908001
406,commercial,17559.6300628606
432,commercial,13158.507767867724
20,residential,5210.05429357597
428,residential,5032.39198822245
184,residential,10948.183976219421
437,residential,8690.631951247899
20,residential,1689.604233943231
65,residential,1787.6862659109265
51,residential,1630.8158162021255
42,residential,760.6914022730211
185,residential,1470.21654123618
183,residential,11340.810274941834
18,residential,7748.960045167678
209,residential,2405.289996271317
108,residential,12744.783873068913
168,residential,45555.02988183026
168,residential,14316.681895807473
18,residential,5635.616082165394
177,residential,3914.223620470826
168,commercial,7980.594952623255
397,residential,2070.48857963879
168,residential,664.8003555763016
113,residential,1151.3455053096668
91,residential,10831.648909031313
107,residential,2165.668169010617
27,residential,1205.3939700726833
210,residential,791.3782990024072
431,residential,2366.1115052545206
183,residential,1405.0345959495435
425,residential,4765.146116033844
22,residential,1609.8005476979215
18,residential,6543.808248892192
403,residential,1137.5315858692938
40,residential,1453.5248983253744
42,residential,1507.5191546995181
40,commercial,7974.954947810239
40,residential,551.5230137831245
181,residential,15161.758363949471
418,residential,8150.7452435275
418,residential,12498.675878231612
43,residential,2243.300818934993
251,commercial,7031.989698578214
418,residential,5165.465044257372
189,residential,1903.3031926052342
38,residential,2226.2221892531197
168,residential,1304.9764846158844
207,residential,2131.8335824433284
168,residential,1962.6280457096304
18,residential,2200.9566092632094
168,residential,24602.20305121496
240,residential,37327.39104792699
51,residential,3334.6515784567623
432,commercial,13188.96331664051
432,commercial,21638.23837110823
68,commercial,983.0435858027088
65,commercial,10724.46869067506
105,commercial,8904.934272388315
100,residential,2369.7951537144486
3,residential,3271.8420940726814
168,residential,3398.574454732937
20,residential,12584.245671928778
431,commercial,13411.873705944754
81,commercial,7005.035003121074
4,water,118.43422591437515
209,commercial,106714.6765780383
111,residential,1917.2199314982743
27,residential,2382.909359888711
183,residential,21136.816430862626
170,residential,17362.095916572398
60,residential,52059.7410734434
56,residential,13118.787940225382
181,residential,2587.1463404303518
209,residential,4275.424764719015
34,residential,6148.748238071134
240,residential,13402.286243756505
168,residential,85976.27393464814
170,residential,3618.1691691836104
168,residential,1759.124764849811
177,residential,1050.7905595483553
104,residential,8645.677011443062
20,residential,27938.808711758127
211,residential,4134.448611466835
251,residential,11595.52103640675
251,residential,14248.387975447997
207,residential,4998.009871460142
455,residential,40953.07542585326
455,residential,41944.661197429064
455,residential,103985.8211380537
168,water,103455.70956033807
168,residential,17143.468462719433
184,residential,15809.364173339001
16,residential,94293.1589372456
16,residential,24065.48062548374
455,residential,13888.845736205962
418,residential,112914.39907935842
168,residential,45767.92142134194
95,water,15429.65054915547
225,residential,246888.50575062705
225,commercial,6447.708454353134
168,residential,10638.177758699512
418,water,14063.568806814015
168,residential,46572.574275006096
455,residential,35603.701822742274
455,residential,28448.11846994448
168,residential,9883.251010764376
16,residential,64930.794225323974
455,residential,13526.181626854519
168,residential,32620.407351731905
168,residential,4073.1937918273647
167,water,139808.75025503617
418,water,30969.64248426573
455,residential,92912.88851696407
16,residential,21789.01121128338
455,residential,46526.403380755815
13,commercial,692.7162697944693
168,water,752.9450694329504
452,industrial,88838.42973023462
354,industrial,51104.82759452777
356,industrial,22066.211853502213
157,commercial,364484.72474850586
157,residential,26004.47663685857
163,industrial,100792.75157184221
443,residential,48762.299089431515
349,industrial,844363.5268350502
450,industrial,22566.267844051337
450,industrial,36156.67880091535
443,industrial,529475.5301683006
444,industrial,498863.6783388483
168,water,1515.7392777428681
168,water,3024.7532240358537
213,water,208.8398387717147
184,residential,19443.525386076286
184,residential,6993.511231075589
184,residential,3286.1840338478496
184,commercial,32515.647073768447
431,water,3571.68203937447
431,water,5106.3897832421535
431,water,343.4637456087631
431,water,219.2919091083653
431,water,334.0793047928254
431,water,6357.842402287057
454,residential,322243.2132547364
454,residential,99985.31687358278
454,residential,65172.207274297805
454,residential,34927.21014648642
266,residential,96836.0722151772
274,residential,39064.57187907634
168,residential,10549.24658445204
168,residential,47492.237401343154
16,residential,25494.44746313118
168,residential,110114.9066743331
168,residential,29914.79244304915
263,forest,59179.260526180726
432,industrial,4056.668901070209
431,residential,741.5278665234782
431,residential,66.72429469039403
91,residential,44999.81405335703
435,residential,88525.80479198688
435,water,63419.79231814164
88,water,1358.746605971594
435,water,57663.77925195714
435,water,1736.299871978808
435,water,2231.4404581772574
435,water,2231.421393311909
435,water,2231.8711987565157
435,water,2231.8754071372045
435,water,2231.4255861904685
435,water,2231.4241572028204
435,water,2231.882718254477
435,water,2231.455984480467
435,water,2231.099674371053
435,water,2231.1010727064413
435,water,2231.1024259672367
435,water,2231.4410640137216
435,water,1075.4247203930227
435,water,1075.5805985514392
435,water,1051.6096128078573
435,water,1051.9887205827438
71,water,48969.06302804834
450,industrial,133158.99326526566
16,residential,92649.85677491651
91,water,134713.5373465978
341,water,53632.321603840726
16,residential,23745.581263343174
16,residential,19261.04491928151
35,commercial,71177.95443847677
168,residential,481.7977508367465
349,water,3171.244629266395
450,water,5923.877307484524
450,water,1885.932025186024
349,industrial,36127.74703716414
349,industrial,31797.418826999252
349,industrial,8139.732168291779
349,industrial,7593.159748718008
349,industrial,8220.104935307629
349,industrial,5986.272399368701
349,industrial,9537.086110300828
349,industrial,50017.92091036177
349,residential,195373.19672434378
349,residential,104195.40673280066
367,residential,206140.96385253244
349,residential,165623.3461169592
168,residential,44608.2285679102
168,residential,16020.252403617627
207,residential,9743.600344522962
455,residential,25716.86379827645
419,residential,281.21515226959787
111,industrial,343.32020442542284
18,residential,32609.72591425471
183,water,126751.95777802324
116,residential,16162.704848897736
183,water,23075.832594673255
418,residential,40.777558210593725
429,residential,342.157086760298
